Date Time, Water Level, Sigma, I, L 
2024-01-08 00:00,0.375,0.128,0,0
2024-01-08 01:00,1.035,0.161,0,0
2024-01-08 02:00,1.868,0.105,0,0
2024-01-08 03:00,2.708,0.108,0,0
2024-01-08 04:00,3.456,0.098,0,0
2024-01-08 05:00,3.899,0.125,0,0
2024-01-08 06:00,4.070,0.108,0,0
2024-01-08 07:00,4.014,0.118,0,0
2024-01-08 08:00,3.663,0.121,0,0
2024-01-08 09:00,3.321,0.098,0,0
2024-01-08 10:00,3.180,0.118,0,0
2024-01-08 11:00,3.371,0.121,0,0
2024-01-08 12:00,3.889,0.125,0,0
2024-01-08 13:00,4.624,0.108,0,0
2024-01-08 14:00,5.415,0.131,0,0
2024-01-08 15:00,6.005,0.098,0,0
2024-01-08 16:00,6.396,0.092,0,0
2024-01-08 17:00,6.215,0.112,0,0
2024-01-08 18:00,5.451,0.148,0,0
2024-01-08 19:00,3.988,0.128,0,0
2024-01-08 20:00,2.373,0.128,0,0
2024-01-08 21:00,0.946,0.125,0,0
2024-01-08 22:00,0.162,0.079,0,0
2024-01-08 23:00,-0.048,0.026,0,0
2024-01-09 00:00,-0.146,0.023,0,0
2024-01-09 01:00,0.005,0.082,0,0
2024-01-09 02:00,0.717,0.072,0,0
2024-01-09 03:00,1.786,0.072,0,0
2024-01-09 04:00,2.839,0.079,0,0
2024-01-09 05:00,3.643,0.072,0,0
2024-01-09 06:00,4.201,0.075,0,0
2024-01-09 07:00,4.257,0.082,0,0
2024-01-09 08:00,4.086,0.069,0,0
2024-01-09 09:00,3.673,0.075,0,0
2024-01-09 10:00,3.308,0.089,0,0
2024-01-09 11:00,3.230,0.059,0,0
2024-01-09 12:00,3.522,0.105,0,0
2024-01-09 13:00,4.165,0.089,0,0
2024-01-09 14:00,4.929,0.085,0,0
2024-01-09 15:00,5.805,0.075,0,0
2024-01-09 16:00,6.488,0.062,0,0
2024-01-09 17:00,6.753,0.049,0,0
2024-01-09 18:00,6.409,0.075,0,0
2024-01-09 19:00,5.326,0.089,0,0
2024-01-09 20:00,3.712,0.075,0,0
2024-01-09 21:00,1.940,0.069,0,0
2024-01-09 22:00,0.431,0.105,0,0
2024-01-09 23:00,-0.107,0.036,0,0
2024-01-10 00:00,-0.284,0.013,0,0
2024-01-10 01:00,-0.333,0.020,0,0
2024-01-10 02:00,-0.058,0.046,1,0
2024-01-10 03:00,0.890,0.075,0,0
2024-01-10 04:00,2.003,0.089,0,0
2024-01-10 05:00,3.046,0.098,0,0
2024-01-10 06:00,3.932,0.075,0,0
2024-01-10 07:00,4.394,0.098,0,0
2024-01-10 08:00,4.476,0.115,0,0
2024-01-10 09:00,4.129,0.125,0,0
2024-01-10 10:00,3.741,0.125,0,0
2024-01-10 11:00,3.282,0.128,0,0
2024-01-10 12:00,3.289,0.141,0,0
2024-01-10 13:00,3.758,0.135,0,0
2024-01-10 14:00,4.489,0.141,0,0
2024-01-10 15:00,5.408,0.131,0,0
2024-01-10 16:00,6.291,0.151,0,0
2024-01-10 17:00,6.934,0.115,0,0
2024-01-10 18:00,7.144,0.135,0,0
2024-01-10 19:00,6.586,0.141,0,0
2024-01-10 20:00,5.290,0.230,0,0
2024-01-10 21:00,3.407,0.151,0,0
2024-01-10 22:00,1.566,0.121,0,0
2024-01-10 23:00,0.182,0.131,0,0
2024-01-11 00:00,-0.225,0.036,0,0
2024-01-11 01:00,-0.337,0.023,0,0
2024-01-11 02:00,-0.317,0.052,0,0
2024-01-11 03:00,0.175,0.171,0,0
2024-01-11 04:00,1.310,0.138,0,0
2024-01-11 05:00,2.557,0.148,0,0
2024-01-11 06:00,3.617,0.154,0,0
2024-01-11 07:00,4.417,0.154,0,0
2024-01-11 08:00,4.703,0.135,0,0
2024-01-11 09:00,4.611,0.131,0,0
2024-01-11 10:00,4.135,0.148,0,0
2024-01-11 11:00,3.495,0.135,0,0
2024-01-11 12:00,3.128,0.144,0,0
2024-01-11 13:00,3.121,0.148,0,0
2024-01-11 14:00,3.581,0.138,0,0
2024-01-11 15:00,4.424,0.125,0,0
2024-01-11 16:00,5.392,0.108,0,0
2024-01-11 17:00,6.281,0.121,0,0
2024-01-11 18:00,6.868,0.121,0,0
2024-01-11 19:00,6.865,0.115,0,0
2024-01-11 20:00,6.140,0.135,0,0
2024-01-11 21:00,4.558,0.180,0,0
2024-01-11 22:00,2.498,0.151,0,0
2024-01-11 23:00,0.680,0.128,0,0
2024-01-12 00:00,-0.264,0.036,0,0
2024-01-12 01:00,-0.579,0.010,0,0
2024-01-12 02:00,-0.714,0.026,0,0
2024-01-12 03:00,-0.661,0.030,0,0
2024-01-12 04:00,-0.114,0.095,0,0
2024-01-12 05:00,1.258,0.082,0,0
2024-01-12 06:00,2.629,0.102,0,0
2024-01-12 07:00,3.689,0.069,0,0
2024-01-12 08:00,4.493,0.082,0,0
2024-01-12 09:00,4.657,0.072,0,0
2024-01-12 10:00,4.430,0.082,0,0
2024-01-12 11:00,3.889,0.085,0,0
2024-01-12 12:00,3.105,0.095,0,0
2024-01-12 13:00,2.911,0.092,0,0
2024-01-12 14:00,2.941,0.118,0,0
2024-01-12 15:00,3.571,0.092,0,0
2024-01-12 16:00,4.444,0.092,0,0
2024-01-12 17:00,5.434,0.075,0,0
2024-01-12 18:00,6.383,0.072,0,0
2024-01-12 19:00,6.888,0.072,0,0
2024-01-12 20:00,6.786,0.066,0,0
2024-01-12 21:00,5.739,0.079,0,0
2024-01-12 22:00,4.079,0.102,0,0
2024-01-12 23:00,2.009,0.095,0,0
2024-01-13 00:00,0.238,0.108,0,0
2024-01-13 01:00,-0.527,0.030,1,0
2024-01-13 02:00,-0.619,0.016,0,0
2024-01-13 03:00,-0.671,0.010,0,0
2024-01-13 04:00,-0.675,0.030,1,0
2024-01-13 05:00,0.287,0.059,0,0
2024-01-13 06:00,1.773,0.069,0,0
2024-01-13 07:00,3.030,0.059,0,0
2024-01-13 08:00,4.175,0.052,0,0
2024-01-13 09:00,4.814,0.056,0,0
2024-01-13 10:00,4.837,0.049,0,0
2024-01-13 11:00,4.381,0.079,0,0
2024-01-13 12:00,3.751,0.069,0,0
2024-01-13 13:00,2.993,0.056,0,0
2024-01-13 14:00,2.688,0.056,0,0
2024-01-13 15:00,2.829,0.069,0,0
2024-01-13 16:00,3.531,0.066,0,0
2024-01-13 17:00,4.489,0.075,0,0
2024-01-13 18:00,5.490,0.092,0,0
2024-01-13 19:00,6.353,0.148,0,0
2024-01-13 20:00,6.858,0.098,0,0
2024-01-13 21:00,6.602,0.105,0,0
2024-01-13 22:00,5.516,0.105,0,0
2024-01-13 23:00,3.758,0.105,0,0
2024-01-14 00:00,1.911,0.069,0,0
2024-01-14 01:00,0.342,0.141,0,0
2024-01-14 02:00,-0.445,0.046,0,0
2024-01-14 03:00,-0.638,0.030,0,0
2024-01-14 04:00,-0.579,0.033,0,0
2024-01-14 05:00,0.008,0.112,0,0
2024-01-14 06:00,1.369,0.102,0,0
2024-01-14 07:00,2.698,0.154,0,0
2024-01-14 08:00,3.997,0.098,0,0
2024-01-14 09:00,4.998,0.095,0,0
2024-01-14 10:00,5.434,0.085,0,0
2024-01-14 11:00,5.241,0.141,0,0
2024-01-14 12:00,4.617,0.135,0,0
2024-01-14 13:00,3.679,0.138,0,0
2024-01-14 14:00,2.846,0.148,0,0
2024-01-14 15:00,2.459,0.190,0,0
2024-01-14 16:00,2.708,0.144,0,0
2024-01-14 17:00,3.295,0.148,0,0
2024-01-14 18:00,4.243,0.164,0,0
2024-01-14 19:00,5.090,0.108,0,0
2024-01-14 20:00,5.907,0.164,0,0
2024-01-14 21:00,6.274,0.121,0,0
2024-01-14 22:00,5.963,0.135,0,0
2024-01-14 23:00,4.913,0.154,0,0
2024-01-15 00:00,3.200,0.177,0,0
2024-01-15 01:00,1.465,0.118,0,0
2024-01-15 02:00,0.172,0.174,0,0
2024-01-15 03:00,-0.392,0.049,0,0
2024-01-15 04:00,-0.488,0.036,0,0
2024-01-15 05:00,-0.356,0.072,0,0
2024-01-15 06:00,0.487,0.121,0,0
2024-01-15 07:00,1.868,0.085,0,0
2024-01-15 08:00,3.187,0.092,0,0
2024-01-15 09:00,4.430,0.128,0,0
2024-01-15 10:00,5.178,0.095,0,0
2024-01-15 11:00,5.526,0.095,0,0
2024-01-15 12:00,5.195,0.125,0,0
2024-01-15 13:00,4.407,0.105,0,0
2024-01-15 14:00,3.312,0.102,0,0
2024-01-15 15:00,2.413,0.112,0,0
2024-01-15 16:00,2.147,0.118,0,0
2024-01-15 17:00,2.311,0.115,0,0
2024-01-15 18:00,2.954,0.105,0,0
2024-01-15 19:00,3.722,0.075,0,0
2024-01-15 20:00,4.591,0.069,0,0
2024-01-15 21:00,5.208,0.095,0,0
2024-01-15 22:00,5.536,0.079,0,0
2024-01-15 23:00,5.290,0.069,0,0
2024-01-16 00:00,4.345,0.098,0,0
2024-01-16 01:00,2.961,0.118,0,0
2024-01-16 02:00,1.428,0.085,0,0
2024-01-16 03:00,0.326,0.121,0,0
2024-01-16 04:00,-0.159,0.066,0,0
2024-01-16 05:00,-0.192,0.072,0,0
2024-01-16 06:00,0.421,0.089,0,0
2024-01-16 07:00,1.510,0.082,0,0
2024-01-16 08:00,2.774,0.079,0,0
2024-01-16 09:00,4.001,0.092,0,0
2024-01-16 10:00,4.985,0.072,0,0
2024-01-16 11:00,5.657,0.112,0,0
2024-01-16 12:00,5.769,0.108,0,0
2024-01-16 13:00,5.300,0.105,0,0
2024-01-16 14:00,4.302,0.098,0,0
2024-01-16 15:00,3.131,0.082,0,0
2024-01-16 16:00,2.206,0.075,0,0
2024-01-16 17:00,1.904,0.075,0,0
2024-01-16 18:00,2.016,0.066,0,0
2024-01-16 19:00,2.537,0.079,0,0
2024-01-16 20:00,3.262,0.075,0,0
2024-01-16 21:00,3.984,0.069,0,0
2024-01-16 22:00,4.631,0.085,0,0
2024-01-16 23:00,4.880,0.079,0,0
2024-01-17 00:00,4.837,0.085,0,0
2024-01-17 01:00,4.125,0.085,0,0
2024-01-17 02:00,2.993,0.075,0,0
2024-01-17 03:00,1.783,0.066,0,0
2024-01-17 04:00,0.959,0.092,0,0
2024-01-17 05:00,0.700,0.082,0,0
2024-01-17 06:00,0.953,0.095,0,0
2024-01-17 07:00,1.661,0.072,0,0
2024-01-17 08:00,2.669,0.079,0,0
2024-01-17 09:00,3.814,0.079,0,0
2024-01-17 10:00,4.863,0.092,0,0
2024-01-17 11:00,5.739,0.075,0,0
2024-01-17 12:00,6.153,0.092,0,0
2024-01-17 13:00,6.094,0.082,0,0
2024-01-17 14:00,5.418,0.112,0,0
2024-01-17 15:00,4.250,0.102,0,0
2024-01-17 16:00,3.036,0.092,0,0
2024-01-17 17:00,2.209,0.098,0,0
2024-01-17 18:00,1.612,0.079,0,0
2024-01-17 19:00,1.602,0.092,0,0
2024-01-17 20:00,1.921,0.079,0,0
2024-01-17 21:00,2.531,0.062,0,0
2024-01-17 22:00,3.190,0.072,0,0
2024-01-17 23:00,3.758,0.082,0,0
2024-01-18 00:00,4.197,0.098,0,0
2024-01-18 01:00,4.197,0.072,0,0
2024-01-18 02:00,3.751,0.075,0,0
2024-01-18 03:00,3.052,0.072,0,0
2024-01-18 04:00,2.111,0.079,0,0
2024-01-18 05:00,1.497,0.079,0,0
2024-01-18 06:00,1.307,0.079,0,0
2024-01-18 07:00,1.635,0.072,0,0
2024-01-18 08:00,2.314,0.075,0,0
2024-01-18 09:00,3.239,0.092,0,0
2024-01-18 10:00,4.257,0.112,0,0
2024-01-18 11:00,5.192,0.079,0,0
2024-01-18 12:00,5.933,0.102,0,0
2024-01-18 13:00,6.245,0.072,0,0
2024-01-18 14:00,5.963,0.095,0,0
2024-01-18 15:00,5.218,0.105,0,0
2024-01-18 16:00,3.971,0.115,0,0
2024-01-18 17:00,2.783,0.138,0,0
2024-01-18 18:00,1.868,0.108,0,0
2024-01-18 19:00,1.189,0.089,0,0
2024-01-18 20:00,1.028,0.092,0,0
2024-01-18 21:00,1.307,0.072,0,0
2024-01-18 22:00,1.806,0.075,0,0
2024-01-18 23:00,2.452,0.089,0,0
2024-01-19 00:00,3.157,0.079,0,0
2024-01-19 01:00,3.732,0.072,0,0
2024-01-19 02:00,4.020,0.066,0,0
2024-01-19 03:00,3.876,0.075,0,0
2024-01-19 04:00,3.607,0.069,0,0
2024-01-19 05:00,3.072,0.089,0,0
2024-01-19 06:00,2.551,0.062,0,0
2024-01-19 07:00,2.380,0.062,0,0
2024-01-19 08:00,2.623,0.075,0,0
2024-01-19 09:00,3.174,0.102,0,0
2024-01-19 10:00,3.945,0.079,0,0
2024-01-19 11:00,4.893,0.075,0,0
2024-01-19 12:00,5.717,0.066,0,0
2024-01-19 13:00,6.415,0.069,0,0
2024-01-19 14:00,6.556,0.069,0,0
2024-01-19 15:00,6.327,0.082,0,0
2024-01-19 16:00,5.398,0.079,0,0
2024-01-19 17:00,4.165,0.066,0,0
2024-01-19 18:00,2.803,0.069,0,0
2024-01-19 19:00,1.783,0.089,0,0
2024-01-19 20:00,1.045,0.075,0,0
2024-01-19 21:00,0.920,0.082,0,0
2024-01-19 22:00,1.071,0.085,0,0
2024-01-19 23:00,1.638,0.069,0,0
2024-01-20 00:00,2.327,0.079,0,0
2024-01-20 01:00,3.171,0.072,0,0
2024-01-20 02:00,3.840,0.079,0,0
2024-01-20 03:00,4.299,0.072,0,0
2024-01-20 04:00,4.522,0.059,0,0
2024-01-20 05:00,4.411,0.075,0,0
2024-01-20 06:00,4.096,0.075,0,0
2024-01-20 07:00,3.745,0.095,0,0
2024-01-20 08:00,3.558,0.108,0,0
2024-01-20 09:00,3.640,0.141,0,0
2024-01-20 10:00,4.086,0.115,0,0
2024-01-20 11:00,4.732,0.125,0,0
2024-01-20 12:00,5.566,0.138,0,0
2024-01-20 13:00,6.314,0.112,0,0
2024-01-20 14:00,6.842,0.128,0,0
2024-01-20 15:00,7.019,0.108,0,0
2024-01-20 16:00,6.589,0.121,0,0
2024-01-20 17:00,5.651,0.112,0,0
2024-01-20 18:00,4.243,0.144,0,0
2024-01-20 19:00,2.826,0.115,0,0
2024-01-20 20:00,1.658,0.108,0,0
2024-01-20 21:00,0.835,0.164,0,0
2024-01-20 22:00,0.474,0.167,0,0
2024-01-20 23:00,0.703,0.213,0,0
2024-01-21 00:00,1.238,0.167,0,0
2024-01-21 01:00,2.104,0.174,0,0
2024-01-21 02:00,3.062,0.154,0,0
2024-01-21 03:00,3.915,0.167,0,0
2024-01-21 04:00,4.552,0.171,0,0
2024-01-21 05:00,4.880,0.135,0,0
2024-01-21 06:00,4.903,0.141,0,0
2024-01-21 07:00,4.611,0.157,0,0
2024-01-21 08:00,4.286,0.164,0,0
2024-01-21 09:00,3.948,0.138,0,0
2024-01-21 10:00,3.958,0.144,0,0
2024-01-21 11:00,4.312,0.161,0,0
2024-01-21 12:00,4.909,0.174,0,0
2024-01-21 13:00,5.694,0.144,0,0
2024-01-21 14:00,6.330,0.148,0,0
2024-01-21 15:00,6.891,0.141,0,0
2024-01-21 16:00,7.019,0.151,0,0
2024-01-21 17:00,6.507,0.135,0,0
2024-01-21 18:00,5.470,0.144,0,0
2024-01-21 19:00,4.047,0.164,0,0
2024-01-21 20:00,2.567,0.135,0,0
2024-01-21 21:00,1.317,0.154,0,0
2024-01-21 22:00,0.559,0.148,0,0
2024-01-21 23:00,0.372,0.138,0,0
2024-01-22 00:00,0.530,0.121,0,0
2024-01-22 01:00,1.215,0.118,0,0
2024-01-22 02:00,2.173,0.138,0,0
2024-01-22 03:00,3.217,0.118,0,0
2024-01-22 04:00,4.273,0.115,0,0
2024-01-22 05:00,4.998,0.105,0,0
2024-01-22 06:00,5.444,0.095,0,0
2024-01-22 07:00,5.425,0.082,0,0
2024-01-22 08:00,5.139,0.095,0,0
2024-01-22 09:00,4.696,0.085,0,0
2024-01-22 10:00,4.299,0.102,0,0
2024-01-22 11:00,4.227,0.118,0,0
2024-01-22 12:00,4.558,0.128,0,0
2024-01-22 13:00,5.195,0.138,0,0
2024-01-22 14:00,5.969,0.125,0,0
2024-01-22 15:00,6.622,0.135,0,0
2024-01-22 16:00,7.124,0.089,0,0
2024-01-22 17:00,7.173,0.105,0,0
2024-01-22 18:00,6.570,0.108,0,0
2024-01-22 19:00,5.369,0.108,0,0
2024-01-22 20:00,3.676,0.098,0,0
2024-01-22 21:00,2.186,0.112,0,0
2024-01-22 22:00,0.926,0.108,0,0
2024-01-22 23:00,0.241,0.105,0,0
2024-01-23 00:00,0.116,0.059,0,0
2024-01-23 01:00,0.339,0.092,0,0
2024-01-23 02:00,1.196,0.131,0,0
2024-01-23 03:00,2.249,0.098,0,0
2024-01-23 04:00,3.335,0.098,0,0
2024-01-23 05:00,4.345,0.085,0,0
2024-01-23 06:00,4.959,0.079,0,0
2024-01-23 07:00,5.228,0.085,0,0
2024-01-23 08:00,5.096,0.095,0,0
2024-01-23 09:00,4.726,0.092,0,0
2024-01-23 10:00,4.125,0.112,0,0
2024-01-23 11:00,3.751,0.138,0,0
2024-01-23 12:00,3.804,0.125,0,0
2024-01-23 13:00,4.211,0.148,0,0
2024-01-23 14:00,4.903,0.105,0,0
2024-01-23 15:00,5.713,0.092,0,0
2024-01-23 16:00,6.419,0.092,0,0
2024-01-23 17:00,6.875,0.089,0,0
2024-01-23 18:00,6.760,0.092,0,0
2024-01-23 19:00,5.936,0.098,0,0
2024-01-23 20:00,4.545,0.105,0,0
2024-01-23 21:00,2.869,0.105,0,0
2024-01-23 22:00,1.363,0.095,0,0
2024-01-23 23:00,0.293,0.098,0,0
2024-01-24 00:00,0.001,0.036,0,0
2024-01-24 01:00,-0.009,0.039,0,0
2024-01-24 02:00,0.182,0.098,0,0
2024-01-24 03:00,1.087,0.112,0,0
2024-01-24 04:00,2.229,0.098,0,0
2024-01-24 05:00,3.358,0.102,0,0
2024-01-24 06:00,4.302,0.092,0,0
2024-01-24 07:00,4.877,0.085,0,0
2024-01-24 08:00,5.037,0.112,0,0
2024-01-24 09:00,4.775,0.095,0,0
2024-01-24 10:00,4.234,0.095,0,0
2024-01-24 11:00,3.673,0.121,0,0
2024-01-24 12:00,3.440,0.102,0,0
2024-01-24 13:00,3.630,0.108,0,0
2024-01-24 14:00,4.119,0.118,0,0
2024-01-24 15:00,4.900,0.108,0,0
2024-01-24 16:00,5.759,0.108,0,0
2024-01-24 17:00,6.517,0.138,0,0
2024-01-24 18:00,6.881,0.118,0,0
2024-01-24 19:00,6.615,0.112,0,0
2024-01-24 20:00,5.680,0.171,0,0
2024-01-24 21:00,4.040,0.151,0,0
2024-01-24 22:00,2.423,0.125,0,0
2024-01-24 23:00,1.002,0.167,0,0
2024-01-25 00:00,0.316,0.108,0,0
2024-01-25 01:00,0.093,0.056,0,0
2024-01-25 02:00,0.113,0.079,0,0
2024-01-25 03:00,0.559,0.141,0,0
2024-01-25 04:00,1.592,0.105,0,0
2024-01-25 05:00,2.787,0.105,0,0
2024-01-25 06:00,3.866,0.098,0,0
2024-01-25 07:00,4.667,0.072,0,0
2024-01-25 08:00,5.034,0.102,0,0
2024-01-25 09:00,5.034,0.138,0,0
2024-01-25 10:00,4.565,0.085,0,0
2024-01-25 11:00,3.889,0.095,0,0
2024-01-25 12:00,3.262,0.118,0,0
2024-01-25 13:00,3.203,0.121,0,0
2024-01-25 14:00,3.509,0.128,0,0
2024-01-25 15:00,4.152,0.131,0,0
2024-01-25 16:00,5.041,0.112,0,0
2024-01-25 17:00,5.844,0.135,0,0
2024-01-25 18:00,6.465,0.138,0,0
2024-01-25 19:00,6.609,0.131,0,0
2024-01-25 20:00,6.077,0.236,0,0
2024-01-25 21:00,4.785,0.226,0,0
2024-01-25 22:00,3.052,0.164,0,0
2024-01-25 23:00,1.563,0.161,0,0
2024-01-26 00:00,0.434,0.121,0,0
2024-01-26 01:00,0.185,0.066,0,0
2024-01-26 02:00,0.067,0.030,0,0
2024-01-26 03:00,0.133,0.089,0,0
2024-01-26 04:00,0.743,0.190,0,0
2024-01-26 05:00,1.921,0.180,0,0
2024-01-26 06:00,3.125,0.125,0,0
2024-01-26 07:00,4.099,0.190,0,0
2024-01-26 08:00,4.818,0.174,0,0
2024-01-26 09:00,4.968,0.200,0,0
2024-01-26 10:00,4.716,0.144,0,0
2024-01-26 11:00,4.204,0.194,0,0
2024-01-26 12:00,3.574,0.151,0,0
2024-01-26 13:00,3.013,0.157,0,0
2024-01-26 14:00,3.043,0.177,0,0
2024-01-26 15:00,3.486,0.180,0,0
2024-01-26 16:00,4.214,0.105,0,0
2024-01-26 17:00,5.031,0.125,0,0
2024-01-26 18:00,5.828,0.125,0,0
2024-01-26 19:00,6.225,0.115,0,0
2024-01-26 20:00,6.186,0.082,0,0
2024-01-26 21:00,5.431,0.112,0,0
2024-01-26 22:00,3.984,0.108,0,0
2024-01-26 23:00,2.304,0.105,0,0
2024-01-27 00:00,0.871,0.144,0,0
2024-01-27 01:00,0.323,0.062,0,0
2024-01-27 02:00,0.218,0.013,0,0
2024-01-27 03:00,0.195,0.016,0,0
2024-01-27 04:00,0.411,0.085,0,0
2024-01-27 05:00,1.369,0.112,0,0
2024-01-27 06:00,2.577,0.108,0,0
2024-01-27 07:00,3.669,0.108,0,0
2024-01-27 08:00,4.450,0.085,0,0
2024-01-27 09:00,4.890,0.085,0,0
2024-01-27 10:00,4.946,0.089,0,0
2024-01-27 11:00,4.417,0.085,0,0
2024-01-27 12:00,3.732,0.108,0,0
2024-01-27 13:00,3.082,0.105,0,0
2024-01-27 14:00,2.826,0.098,0,0
2024-01-27 15:00,2.980,0.115,0,0
2024-01-27 16:00,3.577,0.118,0,0
2024-01-27 17:00,4.339,0.092,0,0
2024-01-27 18:00,5.119,0.082,0,0
2024-01-27 19:00,5.792,0.079,0,0
2024-01-27 20:00,6.058,0.082,0,0
2024-01-27 21:00,5.739,0.082,0,0
2024-01-27 22:00,4.854,0.115,0,0
2024-01-27 23:00,3.321,0.115,0,0
2024-01-28 00:00,1.845,0.115,0,0
2024-01-28 01:00,0.769,0.112,0,0
2024-01-28 02:00,0.392,0.046,0,0
2024-01-28 03:00,0.323,0.036,0,0
2024-01-28 04:00,0.523,0.075,0,0
2024-01-28 05:00,1.156,0.131,0,0
2024-01-28 06:00,2.295,0.108,0,0
2024-01-28 07:00,3.377,0.079,0,0
2024-01-28 08:00,4.339,0.112,0,0
2024-01-28 09:00,4.936,0.085,0,0
2024-01-28 10:00,5.113,0.089,0,0
2024-01-28 11:00,4.903,0.112,0,0
2024-01-28 12:00,4.325,0.131,0,0
2024-01-28 13:00,3.509,0.108,0,0
2024-01-28 14:00,3.003,0.098,0,0
2024-01-28 15:00,2.918,0.125,0,0
2024-01-28 16:00,3.217,0.148,0,0
2024-01-28 17:00,3.896,0.177,0,0
2024-01-28 18:00,4.644,0.118,0,0
2024-01-28 19:00,5.349,0.171,0,0
2024-01-28 20:00,5.756,0.171,0,0
2024-01-28 21:00,5.881,0.108,0,0
2024-01-28 22:00,5.359,0.177,0,0
2024-01-28 23:00,4.260,0.167,0,0
2024-01-29 00:00,2.833,0.128,0,0
2024-01-29 01:00,1.556,0.190,0,0
2024-01-29 02:00,0.867,0.148,0,0
2024-01-29 03:00,0.680,0.075,0,0
2024-01-29 04:00,0.789,0.108,0,0
2024-01-29 05:00,1.327,0.148,0,0
2024-01-29 06:00,2.232,0.171,0,0
2024-01-29 07:00,3.305,0.154,0,0
2024-01-29 08:00,4.293,0.144,0,0
2024-01-29 09:00,4.949,0.125,0,0
2024-01-29 10:00,5.382,0.112,0,0
2024-01-29 11:00,5.283,0.108,0,0
2024-01-29 12:00,4.742,0.112,0,0
2024-01-29 13:00,4.001,0.092,0,0
2024-01-29 14:00,3.243,0.105,0,0
2024-01-29 15:00,2.925,0.141,0,0
2024-01-29 16:00,2.928,0.151,0,0
2024-01-29 17:00,3.410,0.125,0,0
2024-01-29 18:00,4.001,0.128,0,0
2024-01-29 19:00,4.598,0.112,0,0
2024-01-29 20:00,5.277,0.125,0,0
2024-01-29 21:00,5.562,0.092,0,0
2024-01-29 22:00,5.431,0.121,0,0
2024-01-29 23:00,4.847,0.105,0,0
2024-01-30 00:00,3.758,0.102,0,0
2024-01-30 01:00,2.491,0.089,0,0
2024-01-30 02:00,1.573,0.118,0,0
2024-01-30 03:00,1.038,0.098,0,0
2024-01-30 04:00,1.041,0.118,0,0
2024-01-30 05:00,1.442,0.125,0,0
2024-01-30 06:00,2.196,0.115,0,0
2024-01-30 07:00,3.079,0.121,0,0
2024-01-30 08:00,4.050,0.125,0,0
2024-01-30 09:00,4.821,0.092,0,0
2024-01-30 10:00,5.411,0.075,0,0
2024-01-30 11:00,5.513,0.085,0,0
2024-01-30 12:00,5.146,0.095,0,0
2024-01-30 13:00,4.473,0.115,0,0
2024-01-30 14:00,3.623,0.118,0,0
2024-01-30 15:00,3.056,0.128,0,0
2024-01-30 16:00,2.767,0.138,0,0
2024-01-30 17:00,3.026,0.167,0,0
2024-01-30 18:00,3.525,0.164,0,0
2024-01-30 19:00,4.004,0.148,0,0
2024-01-30 20:00,4.660,0.141,0,0
2024-01-30 21:00,5.119,0.148,0,0
2024-01-30 22:00,5.218,0.190,0,0
2024-01-30 23:00,5.021,0.157,0,0
2024-01-31 00:00,4.421,0.144,0,0
2024-01-31 01:00,3.459,0.098,0,0
2024-01-31 02:00,2.511,0.131,0,0
2024-01-31 03:00,1.806,0.171,0,0
2024-01-31 04:00,1.688,0.141,0,0
2024-01-31 05:00,1.921,0.171,0,0
2024-01-31 06:00,2.475,0.141,0,0
2024-01-31 07:00,3.295,0.118,0,0
2024-01-31 08:00,4.197,0.121,0,0
2024-01-31 09:00,4.978,0.125,0,0
2024-01-31 10:00,5.690,0.118,0,0
2024-01-31 11:00,6.009,0.121,0,0
2024-01-31 12:00,5.910,0.102,0,0
2024-01-31 13:00,5.415,0.112,0,0
2024-01-31 14:00,4.611,0.154,0,0
2024-01-31 15:00,3.873,0.141,0,0
2024-01-31 16:00,3.374,0.112,0,0
2024-01-31 17:00,3.213,0.138,0,0
2024-01-31 18:00,3.463,0.131,0,0
2024-01-31 19:00,3.889,0.144,0,0
2024-01-31 20:00,4.447,0.177,0,0
2024-01-31 21:00,4.909,0.154,0,0
2024-01-31 22:00,5.398,0.118,0,0
2024-01-31 23:00,5.566,0.138,0,0
2024-02-01 00:00,5.320,0.157,0,0
2024-02-01 01:00,4.821,0.151,0,0
2024-02-01 02:00,4.142,0.148,0,0
2024-02-01 03:00,3.436,0.171,0,0
2024-02-01 04:00,3.030,0.167,0,0
2024-02-01 05:00,2.957,0.144,0,0
2024-02-01 06:00,3.364,0.177,0,0
2024-02-01 07:00,3.843,0.154,0,0
2024-02-01 08:00,4.571,0.164,0,0
2024-02-01 09:00,5.402,0.180,0,0
2024-02-01 10:00,6.005,0.256,0,0
2024-02-01 11:00,6.396,0.240,0,0
2024-02-01 12:00,6.468,0.276,0,0
2024-02-01 13:00,6.087,0.279,0,0
2024-02-01 14:00,5.323,0.295,0,0
2024-02-01 15:00,4.545,0.213,0,0
2024-02-01 16:00,3.817,0.325,0,0
2024-02-01 17:00,3.203,0.312,0,0
2024-02-01 18:00,3.052,0.240,0,0
2024-02-01 19:00,3.285,0.315,0,0
2024-02-01 20:00,3.423,0.259,0,0
2024-02-01 21:00,3.922,0.259,0,0
2024-02-01 22:00,4.404,0.243,0,0
2024-02-01 23:00,4.617,0.292,0,0
2024-02-02 00:00,4.732,0.269,0,0
2024-02-02 01:00,4.506,0.233,0,0
2024-02-02 02:00,4.175,0.213,0,0
2024-02-02 03:00,3.689,0.161,0,0
2024-02-02 04:00,3.233,0.167,0,0
2024-02-02 05:00,3.289,0.197,0,0
2024-02-02 06:00,3.210,0.246,0,0
2024-02-02 07:00,3.551,0.220,0,0
2024-02-02 08:00,4.092,0.197,0,0
2024-02-02 09:00,4.742,0.197,0,0
2024-02-02 10:00,5.356,0.174,0,0
2024-02-02 11:00,5.838,0.144,0,0
2024-02-02 12:00,6.113,0.164,0,0
2024-02-02 13:00,6.028,0.164,0,0
2024-02-02 14:00,5.523,0.125,0,0
2024-02-02 15:00,4.765,0.148,0,0
2024-02-02 16:00,3.699,0.154,0,0
2024-02-02 17:00,2.918,0.197,0,0
2024-02-02 18:00,2.541,0.177,0,0
2024-02-02 19:00,2.429,0.184,0,0
2024-02-02 20:00,2.514,0.177,0,0
2024-02-02 21:00,2.790,0.164,0,0
2024-02-02 22:00,3.138,0.128,0,0
2024-02-02 23:00,3.548,0.157,0,0
2024-02-03 00:00,3.932,0.128,0,0
2024-02-03 01:00,4.092,0.167,0,0
2024-02-03 02:00,4.083,0.128,0,0
2024-02-03 03:00,3.850,0.128,0,0
2024-02-03 04:00,3.581,0.128,0,0
2024-02-03 05:00,3.315,0.144,0,0
2024-02-03 06:00,3.174,0.190,0,0
2024-02-03 07:00,3.361,0.180,0,0
2024-02-03 08:00,3.705,0.161,0,0
2024-02-03 09:00,4.175,0.164,0,0
2024-02-03 10:00,4.814,0.128,0,0
2024-02-03 11:00,5.415,0.121,0,0
2024-02-03 12:00,5.848,0.128,0,0
2024-02-03 13:00,6.028,0.154,0,0
2024-02-03 14:00,5.910,0.115,0,0
2024-02-03 15:00,5.297,0.128,0,0
2024-02-03 16:00,4.483,0.121,0,0
2024-02-03 17:00,3.410,0.131,0,0
2024-02-03 18:00,2.715,0.174,0,0
2024-02-03 19:00,2.239,0.115,0,0
2024-02-03 20:00,2.058,0.098,0,0
2024-02-03 21:00,2.045,0.115,0,0
2024-02-03 22:00,2.265,0.148,0,0
2024-02-03 23:00,2.652,0.233,0,0
2024-02-04 00:00,3.184,0.144,0,0
2024-02-04 01:00,3.666,0.135,0,0
2024-02-04 02:00,4.079,0.128,0,0
2024-02-04 03:00,4.227,0.102,0,0
2024-02-04 04:00,4.207,0.089,0,0
2024-02-04 05:00,4.010,0.092,0,0
2024-02-04 06:00,3.909,0.095,0,0
2024-02-04 07:00,3.886,0.095,0,0
2024-02-04 08:00,4.047,0.105,0,0
2024-02-04 09:00,4.434,0.098,0,0
2024-02-04 10:00,4.949,0.112,0,0
2024-02-04 11:00,5.644,0.128,0,0
2024-02-04 12:00,6.320,0.092,0,0
2024-02-04 13:00,6.888,0.095,0,0
2024-02-04 14:00,6.960,0.085,0,0
2024-02-04 15:00,6.858,0.095,0,0
2024-02-04 16:00,6.291,0.125,0,0
2024-02-04 17:00,5.329,0.151,0,0
2024-02-04 18:00,4.299,0.144,0,0
2024-02-04 19:00,3.584,0.144,0,0
2024-02-04 20:00,2.859,0.171,0,0
2024-02-04 21:00,2.783,0.154,0,0
2024-02-04 22:00,2.829,0.144,0,0
2024-02-04 23:00,3.328,0.184,0,0
2024-02-05 00:00,3.942,0.144,0,0
2024-02-05 01:00,4.660,0.269,0,0
2024-02-05 02:00,5.290,0.289,0,0
2024-02-05 03:00,5.713,0.331,0,0
2024-02-05 04:00,6.094,0.344,0,0
2024-02-05 05:00,5.933,0.266,0,0
2024-02-05 06:00,5.795,0.269,0,0
2024-02-05 07:00,5.464,0.272,0,0
2024-02-05 08:00,5.178,0.226,0,0
2024-02-05 09:00,5.162,0.289,0,0
2024-02-05 10:00,5.352,0.262,0,0
2024-02-05 11:00,5.805,0.256,0,0
2024-02-05 12:00,6.291,0.279,0,0
2024-02-05 13:00,6.845,0.276,0,0
2024-02-05 14:00,7.216,0.253,0,0
2024-02-05 15:00,7.291,0.167,0,0
2024-02-05 16:00,6.921,0.148,0,0
2024-02-05 17:00,6.110,0.217,0,0
2024-02-05 18:00,4.811,0.187,0,0
2024-02-05 19:00,3.495,0.144,0,0
2024-02-05 20:00,2.308,0.151,0,0
2024-02-05 21:00,1.665,0.115,0,0
2024-02-05 22:00,1.488,0.072,0,0
2024-02-05 23:00,1.573,0.079,0,0
2024-02-06 00:00,1.809,0.108,0,0
2024-02-06 01:00,2.400,0.164,0,0
2024-02-06 02:00,3.249,0.131,0,0
2024-02-06 03:00,3.968,0.125,0,0
2024-02-06 04:00,4.670,0.112,0,0
2024-02-06 05:00,5.073,0.092,0,0
2024-02-06 06:00,5.149,0.102,0,0
2024-02-06 07:00,5.014,0.095,0,0
2024-02-06 08:00,4.644,0.095,0,0
2024-02-06 09:00,4.407,0.105,0,0
2024-02-06 10:00,4.558,0.108,0,0
2024-02-06 11:00,4.788,0.121,0,0
2024-02-06 12:00,5.408,0.105,0,0
2024-02-06 13:00,6.041,0.115,0,0
2024-02-06 14:00,6.701,0.089,0,0
2024-02-06 15:00,7.124,0.102,0,0
2024-02-06 16:00,7.298,0.102,0,0
2024-02-06 17:00,6.770,0.125,0,0
2024-02-06 18:00,5.815,0.102,0,0
2024-02-06 19:00,4.381,0.115,0,0
2024-02-06 20:00,2.718,0.167,0,0
2024-02-06 21:00,1.671,0.128,0,0
2024-02-06 22:00,1.196,0.030,0,0
2024-02-06 23:00,1.071,0.030,0,0
2024-02-07 00:00,1.071,0.046,0,0
2024-02-07 01:00,1.474,0.141,0,0
2024-02-07 02:00,2.137,0.148,0,0
2024-02-07 03:00,3.210,0.118,0,0
2024-02-07 04:00,4.129,0.157,0,0
2024-02-07 05:00,4.798,0.092,0,0
2024-02-07 06:00,5.208,0.102,0,0
2024-02-07 07:00,5.142,0.098,0,0
2024-02-07 08:00,4.988,0.118,0,0
2024-02-07 09:00,4.424,0.112,0,0
2024-02-07 10:00,4.175,0.151,0,0
2024-02-07 11:00,4.056,0.161,0,0
2024-02-07 12:00,4.486,0.164,0,0
2024-02-07 13:00,5.175,0.157,0,0
2024-02-07 14:00,5.907,0.121,0,0
2024-02-07 15:00,6.668,0.138,0,0
2024-02-07 16:00,7.229,0.121,0,0
2024-02-07 17:00,7.308,0.151,0,0
2024-02-07 18:00,6.829,0.141,0,0
2024-02-07 19:00,5.625,0.164,0,0
2024-02-07 20:00,3.755,0.151,0,0
2024-02-07 21:00,2.101,0.203,0,0
2024-02-07 22:00,1.451,0.030,0,0
2024-02-07 23:00,1.094,0.023,0,0
2024-02-08 00:00,0.963,0.043,0,0
2024-02-08 01:00,1.012,0.062,0,0
2024-02-08 02:00,1.327,0.075,0,0
2024-02-08 03:00,1.983,0.203,0,0
2024-02-08 04:00,3.072,0.154,0,0
2024-02-08 05:00,4.047,0.128,0,0
2024-02-08 06:00,4.768,0.125,0,0
2024-02-08 07:00,5.060,0.115,0,0
2024-02-08 08:00,4.962,0.135,0,0
2024-02-08 09:00,4.621,0.141,0,0
2024-02-08 10:00,3.994,0.144,0,0
2024-02-08 11:00,3.515,0.144,0,0
2024-02-08 12:00,3.545,0.141,0,0
2024-02-08 13:00,4.017,0.164,0,0
2024-02-08 14:00,4.804,0.207,0,0
2024-02-08 15:00,5.753,0.141,0,0
2024-02-08 16:00,6.658,0.151,0,0
2024-02-08 17:00,7.278,0.144,0,0
2024-02-08 18:00,7.295,0.148,0,0
2024-02-08 19:00,6.501,0.135,0,0
2024-02-08 20:00,5.064,0.118,0,0
2024-02-08 21:00,3.039,0.151,0,0
2024-02-08 22:00,1.688,0.052,0,0
2024-02-08 23:00,1.097,0.049,0,0
2024-02-09 00:00,0.818,0.013,0,0
2024-02-09 01:00,0.687,0.030,0,0
2024-02-09 02:00,0.723,0.023,0,0
2024-02-09 03:00,1.074,0.049,0,0
2024-02-09 04:00,2.052,0.171,0,0
2024-02-09 05:00,3.374,0.131,0,0
2024-02-09 06:00,4.339,0.085,0,0
2024-02-09 07:00,5.024,0.092,0,0
2024-02-09 08:00,5.149,0.102,0,0
2024-02-09 09:00,4.844,0.072,0,0
2024-02-09 10:00,4.155,0.085,0,0
2024-02-09 11:00,3.381,0.128,0,0
2024-02-09 12:00,2.915,0.138,0,0
2024-02-09 13:00,3.098,0.102,0,0
2024-02-09 14:00,3.837,0.105,0,0
2024-02-09 15:00,4.670,0.102,0,0
2024-02-09 16:00,5.697,0.085,0,0
2024-02-09 17:00,6.602,0.092,0,0
2024-02-09 18:00,7.344,0.079,0,0
2024-02-09 19:00,7.242,0.089,0,0
2024-02-09 20:00,6.304,0.098,0,0
2024-02-09 21:00,4.588,0.105,0,0
2024-02-09 22:00,2.432,0.177,0,0
2024-02-09 23:00,1.281,0.030,0,0
2024-02-10 00:00,0.871,0.020,0,0
2024-02-10 01:00,0.602,0.020,0,0
2024-02-10 02:00,0.582,0.010,0,0
2024-02-10 03:00,0.730,0.016,0,0
2024-02-10 04:00,1.320,0.043,0,0
2024-02-10 05:00,2.495,0.118,0,0
2024-02-10 06:00,3.787,0.098,0,0
2024-02-10 07:00,4.749,0.092,0,0
2024-02-10 08:00,5.241,0.102,0,0
2024-02-10 09:00,5.152,0.082,0,0
2024-02-10 10:00,4.631,0.082,0,0
2024-02-10 11:00,3.581,0.075,0,0
2024-02-10 12:00,2.682,0.082,0,0
2024-02-10 13:00,2.360,0.121,0,0
2024-02-10 14:00,2.695,0.095,0,0
2024-02-10 15:00,3.502,0.089,0,0
2024-02-10 16:00,4.476,0.082,0,0
2024-02-10 17:00,5.585,0.069,0,0
2024-02-10 18:00,6.494,0.079,0,0
2024-02-10 19:00,7.062,0.056,0,0
2024-02-10 20:00,6.894,0.072,0,0
2024-02-10 21:00,5.825,0.085,0,0
2024-02-10 22:00,3.981,0.098,0,0
2024-02-10 23:00,1.950,0.128,0,0
2024-02-11 00:00,1.113,0.033,0,0
2024-02-11 01:00,0.769,0.013,0,0
2024-02-11 02:00,0.612,0.010,0,0
2024-02-11 03:00,0.615,0.016,0,0
2024-02-11 04:00,0.887,0.023,0,0
2024-02-11 05:00,1.753,0.105,0,0
2024-02-11 06:00,3.167,0.089,0,0
2024-02-11 07:00,4.388,0.079,0,0
2024-02-11 08:00,5.224,0.079,0,0
2024-02-11 09:00,5.510,0.069,0,0
2024-02-11 10:00,5.129,0.085,0,0
2024-02-11 11:00,4.296,0.082,0,0
2024-02-11 12:00,3.043,0.089,0,0
2024-02-11 13:00,2.012,0.171,0,0
2024-02-11 14:00,1.829,0.131,0,0
2024-02-11 15:00,2.291,0.144,0,0
2024-02-11 16:00,3.069,0.115,0,0
2024-02-11 17:00,4.076,0.115,0,0
2024-02-11 18:00,5.205,0.092,0,0
2024-02-11 19:00,6.068,0.105,0,0
2024-02-11 20:00,6.586,0.089,0,0
2024-02-11 21:00,6.320,0.125,0,0
2024-02-11 22:00,5.339,0.098,0,0
2024-02-11 23:00,3.426,0.098,0,0
2024-02-12 00:00,1.812,0.141,0,0
2024-02-12 01:00,0.999,0.023,0,0
2024-02-12 02:00,0.769,0.013,0,0
2024-02-12 03:00,0.717,0.016,0,0
2024-02-12 04:00,0.821,0.049,0,0
2024-02-12 05:00,1.435,0.128,0,0
2024-02-12 06:00,2.701,0.125,0,0
2024-02-12 07:00,4.079,0.108,0,0
2024-02-12 08:00,5.083,0.118,0,0
2024-02-12 09:00,5.762,0.105,0,0
2024-02-12 10:00,5.782,0.128,0,0
2024-02-12 11:00,5.178,0.118,0,0
2024-02-12 12:00,4.030,0.144,0,0
2024-02-12 13:00,2.590,0.240,0,0
2024-02-12 14:00,1.812,0.144,0,0
2024-02-12 15:00,1.753,0.135,0,0
2024-02-12 16:00,2.081,0.164,0,0
2024-02-12 17:00,2.810,0.138,0,0
2024-02-12 18:00,3.896,0.138,0,0
2024-02-12 19:00,4.913,0.131,0,0
2024-02-12 20:00,5.710,0.098,0,0
2024-02-12 21:00,6.064,0.095,0,0
2024-02-12 22:00,5.821,0.135,0,0
2024-02-12 23:00,4.801,0.135,0,0
2024-02-13 00:00,3.115,0.157,0,0
2024-02-13 01:00,1.766,0.102,0,0
2024-02-13 02:00,1.314,0.033,0,0
2024-02-13 03:00,1.133,0.023,0,0
2024-02-13 04:00,1.169,0.030,0,0
2024-02-13 05:00,1.432,0.036,0,0
2024-02-13 06:00,2.370,0.164,0,0
2024-02-13 07:00,3.748,0.092,0,0
2024-02-13 08:00,4.972,0.092,0,0
2024-02-13 09:00,5.831,0.085,0,0
2024-02-13 10:00,6.261,0.089,0,0
2024-02-13 11:00,6.038,0.085,0,0
2024-02-13 12:00,5.139,0.098,0,0
2024-02-13 13:00,3.669,0.095,0,0
2024-02-13 14:00,2.291,0.138,0,0
2024-02-13 15:00,1.724,0.082,0,0
2024-02-13 16:00,1.678,0.066,0,0
2024-02-13 17:00,1.980,0.138,0,0
2024-02-13 18:00,2.596,0.105,0,0
2024-02-13 19:00,3.564,0.075,0,0
2024-02-13 20:00,4.503,0.075,0,0
2024-02-13 21:00,5.149,0.079,0,0
2024-02-13 22:00,5.464,0.075,0,0
2024-02-13 23:00,5.234,0.062,0,0
2024-02-14 00:00,4.394,0.075,0,0
2024-02-14 01:00,3.043,0.089,0,0
2024-02-14 02:00,1.773,0.092,0,0
2024-02-14 03:00,1.474,0.043,0,0
2024-02-14 04:00,1.363,0.020,0,0
2024-02-14 05:00,1.619,0.046,0,0
2024-02-14 06:00,2.176,0.115,0,0
2024-02-14 07:00,3.338,0.095,0,0
2024-02-14 08:00,4.552,0.072,0,0
2024-02-14 09:00,5.523,0.066,0,0
2024-02-14 10:00,6.281,0.072,0,0
2024-02-14 11:00,6.432,0.072,0,0
2024-02-14 12:00,5.976,0.056,0,0
2024-02-14 13:00,4.880,0.082,0,0
2024-02-14 14:00,3.361,0.089,0,0
2024-02-14 15:00,2.052,0.102,0,0
2024-02-14 16:00,1.612,0.033,0,0
2024-02-14 17:00,1.579,0.026,0,0
2024-02-14 18:00,1.737,0.079,0,0
2024-02-14 19:00,2.176,0.108,0,0
2024-02-14 20:00,3.072,0.118,0,0
2024-02-14 21:00,3.892,0.075,0,0
2024-02-14 22:00,4.631,0.062,0,0
2024-02-14 23:00,4.926,0.059,0,0
2024-02-15 00:00,4.883,0.059,0,0
2024-02-15 01:00,4.384,0.072,0,0
2024-02-15 02:00,3.472,0.069,0,0
2024-02-15 03:00,2.439,0.115,0,0
2024-02-15 04:00,1.911,0.108,0,0
2024-02-15 05:00,1.953,0.082,0,0
2024-02-15 06:00,2.341,0.102,0,0
2024-02-15 07:00,3.134,0.121,0,0
2024-02-15 08:00,4.096,0.082,0,0
2024-02-15 09:00,5.077,0.075,0,0
2024-02-15 10:00,5.897,0.079,0,0
2024-02-15 11:00,6.346,0.092,0,0
2024-02-15 12:00,6.307,0.095,0,0
2024-02-15 13:00,5.628,0.095,0,0
2024-02-15 14:00,4.404,0.105,0,0
2024-02-15 15:00,2.954,0.118,0,0
2024-02-15 16:00,1.953,0.128,0,0
2024-02-15 17:00,1.684,0.030,0,0
2024-02-15 18:00,1.635,0.033,0,0
2024-02-15 19:00,1.645,0.046,0,0
2024-02-15 20:00,1.770,0.072,0,0
2024-02-15 21:00,2.295,0.213,0,0
2024-02-15 22:00,3.043,0.164,0,0
2024-02-15 23:00,3.659,0.240,0,0
2024-02-16 00:00,4.092,0.167,0,0
2024-02-16 01:00,4.188,0.148,0,0
2024-02-16 02:00,3.909,0.144,0,0
2024-02-16 03:00,3.394,0.144,0,0
2024-02-16 04:00,2.823,0.144,0,0
2024-02-16 05:00,2.573,0.144,0,0
2024-02-16 06:00,2.652,0.154,0,0
2024-02-16 07:00,3.079,0.187,0,0
2024-02-16 08:00,3.676,0.135,0,0
2024-02-16 09:00,4.516,0.112,0,0
2024-02-16 10:00,5.228,0.115,0,0
2024-02-16 11:00,5.792,0.128,0,0
2024-02-16 12:00,6.281,0.105,0,0
2024-02-16 13:00,6.018,0.102,0,0
2024-02-16 14:00,5.497,0.105,0,0
2024-02-16 15:00,4.293,0.128,0,0
2024-02-16 16:00,2.954,0.125,0,0
2024-02-16 17:00,2.203,0.049,0,0
2024-02-16 18:00,1.891,0.039,0,0
2024-02-16 19:00,1.704,0.036,0,0
2024-02-16 20:00,1.661,0.030,0,0
2024-02-16 21:00,1.793,0.036,0,0
2024-02-16 22:00,2.071,0.072,0,0
2024-02-16 23:00,2.636,0.128,0,0
2024-02-17 00:00,3.266,0.095,0,0
2024-02-17 01:00,3.810,0.072,0,0
2024-02-17 02:00,4.106,0.072,0,0
2024-02-17 03:00,4.096,0.062,0,0
2024-02-17 04:00,3.896,0.066,0,0
2024-02-17 05:00,3.659,0.072,0,0
2024-02-17 06:00,3.364,0.102,0,0
2024-02-17 07:00,3.476,0.082,0,0
2024-02-17 08:00,3.705,0.092,0,0
2024-02-17 09:00,4.191,0.082,0,0
2024-02-17 10:00,4.903,0.092,0,0
2024-02-17 11:00,5.411,0.085,0,0
2024-02-17 12:00,5.920,0.079,0,0
2024-02-17 13:00,6.251,0.098,0,0
2024-02-17 14:00,6.071,0.135,0,0
2024-02-17 15:00,5.539,0.112,0,0
2024-02-17 16:00,4.571,0.141,0,0
2024-02-17 17:00,3.292,0.226,0,0
2024-02-17 18:00,2.390,0.118,0,0
2024-02-17 19:00,2.108,0.049,0,0
2024-02-17 20:00,1.950,0.020,0,0
2024-02-17 21:00,1.937,0.049,0,0
2024-02-17 22:00,2.006,0.072,0,0
2024-02-17 23:00,2.288,0.249,0,0
2024-02-18 00:00,2.757,0.312,0,0
2024-02-18 01:00,3.479,0.331,0,0
2024-02-18 02:00,4.306,0.308,0,0
2024-02-18 03:00,4.755,0.256,0,0
2024-02-18 04:00,4.847,0.249,0,0
2024-02-18 05:00,4.762,0.167,0,0
2024-02-18 06:00,4.424,0.240,0,0
2024-02-18 07:00,4.138,0.236,0,0
2024-02-18 08:00,3.843,0.249,0,0
2024-02-18 09:00,3.915,0.223,0,0
2024-02-18 10:00,4.368,0.295,0,0
2024-02-18 11:00,4.781,0.226,0,0
2024-02-18 12:00,5.444,0.226,0,0
2024-02-18 13:00,5.897,0.171,0,0
2024-02-18 14:00,6.205,0.210,0,0
2024-02-18 15:00,6.196,0.200,0,0
2024-02-18 16:00,5.674,0.171,0,0
2024-02-18 17:00,4.627,0.154,0,0
2024-02-18 18:00,3.417,0.190,0,0
2024-02-18 19:00,2.839,0.079,0,0
2024-02-18 20:00,2.341,0.039,0,0
2024-02-18 21:00,2.088,0.030,0,0
2024-02-18 22:00,1.989,0.043,0,0
2024-02-18 23:00,2.058,0.046,0,0
2024-02-19 00:00,2.432,0.085,0,0
2024-02-19 01:00,2.980,0.249,0,0
2024-02-19 02:00,3.715,0.226,0,0
2024-02-19 03:00,4.391,0.174,0,0
2024-02-19 04:00,4.991,0.184,0,0
2024-02-19 05:00,5.251,0.151,0,0
2024-02-19 06:00,5.185,0.144,0,0
2024-02-19 07:00,4.916,0.157,0,0
2024-02-19 08:00,4.562,0.125,0,0
2024-02-19 09:00,4.217,0.128,0,0
2024-02-19 10:00,4.362,0.138,0,0
2024-02-19 11:00,4.676,0.131,0,0
2024-02-19 12:00,5.215,0.135,0,0
2024-02-19 13:00,5.726,0.135,0,0
2024-02-19 14:00,6.346,0.121,0,0
2024-02-19 15:00,6.684,0.164,0,0
2024-02-19 16:00,6.773,0.167,0,0
2024-02-19 17:00,6.235,0.187,0,0
2024-02-19 18:00,5.333,0.226,0,0
2024-02-19 19:00,4.066,0.240,0,0
2024-02-19 20:00,2.997,0.246,0,0
2024-02-19 21:00,2.554,0.066,0,0
2024-02-19 22:00,2.341,0.059,0,0
2024-02-19 23:00,2.206,0.043,0,0
2024-02-20 00:00,2.236,0.072,0,0
2024-02-20 01:00,2.413,0.075,0,0
2024-02-20 02:00,2.938,0.289,0,0
2024-02-20 03:00,3.696,0.253,0,0
2024-02-20 04:00,4.427,0.279,0,0
2024-02-20 05:00,5.083,0.249,0,0
2024-02-20 06:00,5.306,0.161,0,0
2024-02-20 07:00,5.113,0.138,0,0
2024-02-20 08:00,4.690,0.184,0,0
2024-02-20 09:00,4.191,0.233,0,0
2024-02-20 10:00,3.883,0.269,0,0
2024-02-20 11:00,3.938,0.240,0,0
2024-02-20 12:00,4.283,0.226,0,0
2024-02-20 13:00,4.814,0.213,0,0
2024-02-20 14:00,5.507,0.240,0,0
2024-02-20 15:00,6.143,0.184,0,0
2024-02-20 16:00,6.543,0.213,0,0
2024-02-20 17:00,6.468,0.210,0,0
2024-02-20 18:00,5.897,0.157,0,0
2024-02-20 19:00,4.640,0.200,0,0
2024-02-20 20:00,3.371,0.177,0,0
2024-02-20 21:00,2.685,0.052,0,0
2024-02-20 22:00,2.255,0.016,0,0
2024-02-20 23:00,1.999,0.016,0,0
2024-02-21 00:00,1.881,0.020,0,0
2024-02-21 01:00,1.960,0.049,0,0
2024-02-21 02:00,2.318,0.046,0,0
2024-02-21 03:00,2.885,0.135,0,0
2024-02-21 04:00,3.561,0.210,0,0
2024-02-21 05:00,4.375,0.174,0,0
2024-02-21 06:00,4.972,0.128,0,0
2024-02-21 07:00,5.070,0.135,0,0
2024-02-21 08:00,4.847,0.141,0,0
2024-02-21 09:00,4.319,0.148,0,0
2024-02-21 10:00,3.738,0.171,0,0
2024-02-21 11:00,3.499,0.220,0,0
2024-02-21 12:00,3.577,0.174,0,0
2024-02-21 13:00,4.099,0.236,0,0
2024-02-21 14:00,4.729,0.213,0,0
2024-02-21 15:00,5.441,0.121,0,0
2024-02-21 16:00,6.094,0.144,0,0
2024-02-21 17:00,6.419,0.125,0,0
2024-02-21 18:00,6.268,0.128,0,0
2024-02-21 19:00,5.356,0.102,0,0
2024-02-21 20:00,3.948,0.157,0,0
2024-02-21 21:00,2.990,0.036,0,0
2024-02-21 22:00,2.383,0.043,0,0
2024-02-21 23:00,1.999,0.010,0,0
2024-02-22 00:00,1.789,0.013,0,0
2024-02-22 01:00,1.753,0.013,0,0
2024-02-22 02:00,1.924,0.016,0,0
2024-02-22 03:00,2.462,0.030,0,0
2024-02-22 04:00,3.039,0.089,0,0
2024-02-22 05:00,3.764,0.177,0,0
2024-02-22 06:00,4.535,0.125,0,0
2024-02-22 07:00,5.034,0.121,0,0
2024-02-22 08:00,4.959,0.085,0,0
2024-02-22 09:00,4.493,0.128,0,0
2024-02-22 10:00,3.764,0.190,0,0
2024-02-22 11:00,3.289,0.128,0,0
2024-02-22 12:00,3.171,0.112,0,0
2024-02-22 13:00,3.338,0.144,0,0
2024-02-22 14:00,3.860,0.157,0,0
2024-02-22 15:00,4.604,0.118,0,0
2024-02-22 16:00,5.356,0.089,0,0
2024-02-22 17:00,5.913,0.085,0,0
2024-02-22 18:00,6.071,0.072,0,0
2024-02-22 19:00,5.710,0.066,0,0
2024-02-22 20:00,4.670,0.089,0,0
2024-02-22 21:00,3.207,0.089,0,0
2024-02-22 22:00,2.551,0.020,0,0
2024-02-22 23:00,2.029,0.010,0,0
2024-02-23 00:00,1.757,0.010,0,0
2024-02-23 01:00,1.602,0.010,0,0
2024-02-23 02:00,1.661,0.020,0,0
2024-02-23 03:00,2.026,0.020,0,0
2024-02-23 04:00,2.672,0.036,0,0
2024-02-23 05:00,3.361,0.125,0,0
2024-02-23 06:00,4.217,0.082,0,0
2024-02-23 07:00,4.847,0.066,0,0
2024-02-23 08:00,5.005,0.066,0,0
2024-02-23 09:00,4.650,0.066,0,0
2024-02-23 10:00,3.961,0.112,0,0
2024-02-23 11:00,3.187,0.092,0,0
2024-02-23 12:00,2.898,0.039,0,0
2024-02-23 13:00,2.928,0.082,0,0
2024-02-23 14:00,3.197,0.125,0,0
2024-02-23 15:00,3.830,0.141,0,0
2024-02-23 16:00,4.637,0.079,0,0
2024-02-23 17:00,5.402,0.095,0,0
2024-02-23 18:00,5.933,0.112,0,0
2024-02-23 19:00,5.986,0.135,0,0
2024-02-23 20:00,5.497,0.112,0,0
2024-02-23 21:00,4.283,0.141,0,0
2024-02-23 22:00,3.079,0.082,0,0
2024-02-23 23:00,2.416,0.046,0,0
2024-02-24 00:00,2.012,0.016,0,0
2024-02-24 01:00,1.881,0.049,0,0
2024-02-24 02:00,1.793,0.016,0,0
2024-02-24 03:00,1.937,0.033,0,0
2024-02-24 04:00,2.442,0.056,0,0
2024-02-24 05:00,3.148,0.184,0,0
2024-02-24 06:00,4.014,0.138,0,0
2024-02-24 07:00,4.742,0.131,0,0
2024-02-24 08:00,5.142,0.102,0,0
2024-02-24 09:00,4.968,0.098,0,0
2024-02-24 10:00,4.401,0.118,0,0
2024-02-24 11:00,3.538,0.154,0,0
2024-02-24 12:00,3.062,0.066,0,0
2024-02-24 13:00,2.984,0.075,0,0
2024-02-24 14:00,3.069,0.115,0,0
2024-02-24 15:00,3.449,0.148,0,0
2024-02-24 16:00,4.204,0.131,0,0
2024-02-24 17:00,5.037,0.105,0,0
2024-02-24 18:00,5.713,0.095,0,0
2024-02-24 19:00,6.091,0.102,0,0
2024-02-24 20:00,5.969,0.102,0,0
2024-02-24 21:00,5.139,0.089,0,0
2024-02-24 22:00,3.797,0.098,0,0
2024-02-24 23:00,2.806,0.013,0,0
2024-02-25 00:00,2.318,0.023,0,0
2024-02-25 01:00,1.967,0.010,0,0
2024-02-25 02:00,1.904,0.023,0,0
2024-02-25 03:00,1.986,0.039,0,0
2024-02-25 04:00,2.426,0.039,0,0
2024-02-25 05:00,3.010,0.079,0,0
2024-02-25 06:00,3.883,0.095,0,0
2024-02-25 07:00,4.647,0.079,0,0
2024-02-25 08:00,5.238,0.079,0,0
2024-02-25 09:00,5.297,0.062,0,0
2024-02-25 10:00,4.821,0.066,0,0
2024-02-25 11:00,3.974,0.089,0,0
2024-02-25 12:00,3.085,0.072,0,0
2024-02-25 13:00,2.892,0.023,0,0
2024-02-25 14:00,2.918,0.036,0,0
2024-02-25 15:00,3.085,0.072,0,0
2024-02-25 16:00,3.613,0.157,0,0
2024-02-25 17:00,4.365,0.108,0,0
2024-02-25 18:00,5.165,0.092,0,0
2024-02-25 19:00,5.671,0.089,0,0
2024-02-25 20:00,5.861,0.089,0,0
2024-02-25 21:00,5.431,0.098,0,0
2024-02-25 22:00,4.430,0.112,0,0
2024-02-25 23:00,3.154,0.108,0,0
2024-02-26 00:00,2.606,0.033,0,0
2024-02-26 01:00,2.150,0.026,0,0
2024-02-26 02:00,2.035,0.023,0,0
2024-02-26 03:00,2.088,0.030,0,0
2024-02-26 04:00,2.363,0.026,0,0
2024-02-26 05:00,2.875,0.125,0,0
2024-02-26 06:00,3.610,0.174,0,0
2024-02-26 07:00,4.532,0.098,0,0
2024-02-26 08:00,5.136,0.082,0,0
2024-02-26 09:00,5.382,0.089,0,0
2024-02-26 10:00,5.041,0.089,0,0
2024-02-26 11:00,4.378,0.125,0,0
2024-02-26 12:00,3.272,0.141,0,0
2024-02-26 13:00,2.911,0.046,0,0
2024-02-26 14:00,2.685,0.033,0,0
2024-02-26 15:00,2.777,0.030,0,0
2024-02-26 16:00,3.000,0.095,0,0
2024-02-26 17:00,3.613,0.144,0,0
2024-02-26 18:00,4.411,0.102,0,0
2024-02-26 19:00,5.073,0.075,0,0
2024-02-26 20:00,5.487,0.092,0,0
2024-02-26 21:00,5.493,0.066,0,0
2024-02-26 22:00,4.929,0.069,0,0
2024-02-26 23:00,3.810,0.125,0,0
2024-02-27 00:00,2.964,0.026,0,0
2024-02-27 01:00,2.498,0.026,0,0
2024-02-27 02:00,2.242,0.013,0,0
2024-02-27 03:00,2.255,0.033,0,0
2024-02-27 04:00,2.400,0.020,0,0
2024-02-27 05:00,2.839,0.039,0,0
2024-02-27 06:00,3.495,0.144,0,0
2024-02-27 07:00,4.444,0.072,0,0
2024-02-27 08:00,5.073,0.069,0,0
2024-02-27 09:00,5.418,0.079,0,0
2024-02-27 10:00,5.329,0.062,0,0
2024-02-27 11:00,4.719,0.098,0,0
2024-02-27 12:00,3.591,0.157,0,0
2024-02-27 13:00,2.947,0.049,0,0
2024-02-27 14:00,2.587,0.020,0,0
2024-02-27 15:00,2.554,0.023,0,0
2024-02-27 16:00,2.721,0.033,0,0
2024-02-27 17:00,2.961,0.098,0,0
2024-02-27 18:00,3.522,0.108,0,0
2024-02-27 19:00,4.240,0.092,0,0
2024-02-27 20:00,4.801,0.089,0,0
2024-02-27 21:00,4.929,0.089,0,0
2024-02-27 22:00,4.847,0.079,0,0
2024-02-27 23:00,4.181,0.092,0,0
2024-02-28 00:00,3.203,0.102,0,0
2024-02-28 01:00,2.744,0.020,0,0
2024-02-28 02:00,2.465,0.016,0,0
2024-02-28 03:00,2.383,0.026,0,0
2024-02-28 04:00,2.491,0.023,0,0
2024-02-28 05:00,2.780,0.036,0,0
2024-02-28 06:00,3.308,0.148,0,0
2024-02-28 07:00,4.076,0.105,0,0
2024-02-28 08:00,4.801,0.066,0,0
2024-02-28 09:00,5.329,0.066,0,0
2024-02-28 10:00,5.365,0.000,0,0
2024-02-28 11:00,4.962,0.056,0,0
2024-02-28 12:00,4.122,0.089,0,0
2024-02-28 13:00,3.134,0.108,0,0
2024-02-28 14:00,2.675,0.023,0,0
2024-02-28 15:00,2.534,0.013,0,0
2024-02-28 16:00,2.600,0.039,0,0
2024-02-28 17:00,2.754,0.033,0,0
2024-02-28 18:00,3.026,0.098,0,0
2024-02-28 19:00,3.518,0.135,0,0
2024-02-28 20:00,4.207,0.079,0,0
2024-02-28 21:00,4.575,0.075,0,0
2024-02-28 22:00,4.736,0.072,0,0
2024-02-28 23:00,4.555,0.069,0,0
2024-02-29 00:00,3.876,0.085,0,0
2024-02-29 01:00,3.098,0.095,0,0
2024-02-29 02:00,2.869,0.026,0,0
2024-02-29 03:00,2.744,0.030,0,0
2024-02-29 04:00,2.741,0.036,0,0
2024-02-29 05:00,2.967,0.072,0,0
2024-02-29 06:00,3.413,0.102,0,0
2024-02-29 07:00,4.161,0.056,0,0
2024-02-29 08:00,4.860,0.046,0,0
2024-02-29 09:00,5.425,0.052,0,0
2024-02-29 10:00,5.628,0.062,0,0
2024-02-29 11:00,5.421,0.059,0,0
2024-02-29 12:00,4.765,0.059,0,0
2024-02-29 13:00,3.827,0.075,0,0
2024-02-29 14:00,3.026,0.052,0,0
2024-02-29 15:00,2.744,0.023,0,0
2024-02-29 16:00,2.655,0.026,0,0
2024-02-29 17:00,2.685,0.016,0,0
2024-02-29 18:00,2.875,0.033,0,0
2024-02-29 19:00,3.187,0.069,0,0
2024-02-29 20:00,3.699,0.095,0,0
2024-02-29 21:00,4.184,0.095,0,0
2024-02-29 22:00,4.516,0.102,0,0
2024-02-29 23:00,4.558,0.102,0,0
2024-03-01 00:00,4.316,0.066,0,0
2024-03-01 01:00,3.791,0.062,0,0
2024-03-01 02:00,3.377,0.043,0,0
2024-03-01 03:00,3.282,0.046,0,0
2024-03-01 04:00,3.256,0.039,0,0
2024-03-01 05:00,3.358,0.039,0,0
2024-03-01 06:00,3.663,0.052,0,0
2024-03-01 07:00,4.266,0.059,0,0
2024-03-01 08:00,4.906,0.056,0,0
2024-03-01 09:00,5.536,0.059,0,0
2024-03-01 10:00,5.841,0.069,0,0
2024-03-01 11:00,5.900,0.066,0,0
2024-03-01 12:00,5.444,0.066,0,0
2024-03-01 13:00,4.663,0.085,0,0
2024-03-01 14:00,3.781,0.046,0,0
2024-03-01 15:00,3.295,0.049,0,0
2024-03-01 16:00,2.895,0.049,0,0
2024-03-01 17:00,2.770,0.049,0,0
2024-03-01 18:00,2.905,0.052,0,0
2024-03-01 19:00,3.030,0.052,0,0
2024-03-01 20:00,3.269,0.079,0,0
2024-03-01 21:00,3.686,0.059,0,0
2024-03-01 22:00,4.148,0.085,0,0
2024-03-01 23:00,4.473,0.066,0,0
2024-03-02 00:00,4.535,0.066,0,0
2024-03-02 01:00,4.480,0.056,0,0
2024-03-02 02:00,4.316,0.075,0,0
2024-03-02 03:00,4.184,0.069,0,0
2024-03-02 04:00,4.033,0.066,0,0
2024-03-02 05:00,4.125,0.092,0,0
2024-03-02 06:00,4.289,0.105,0,0
2024-03-02 07:00,4.755,0.118,0,0
2024-03-02 08:00,5.090,0.095,0,0
2024-03-02 09:00,5.664,0.128,0,0
2024-03-02 10:00,6.028,0.115,0,0
2024-03-02 11:00,6.307,0.098,0,0
2024-03-02 12:00,5.972,0.125,0,0
2024-03-02 13:00,5.211,0.105,0,0
2024-03-02 14:00,4.660,0.102,0,0
2024-03-02 15:00,4.004,0.056,0,0
2024-03-02 16:00,3.541,0.046,0,0
2024-03-02 17:00,3.236,0.039,0,0
2024-03-02 18:00,3.082,0.043,0,0
2024-03-02 19:00,3.066,0.039,0,0
2024-03-02 20:00,3.112,0.056,0,0
2024-03-02 21:00,3.338,0.072,0,0
2024-03-02 22:00,3.535,0.059,0,0
2024-03-02 23:00,3.951,0.092,0,0
2024-03-03 00:00,4.253,0.079,0,0
2024-03-03 01:00,4.486,0.098,0,0
2024-03-03 02:00,4.578,0.105,0,0
2024-03-03 03:00,4.489,0.102,0,0
2024-03-03 04:00,4.283,0.085,0,0
2024-03-03 05:00,4.293,0.082,0,0
2024-03-03 06:00,4.289,0.056,0,0
2024-03-03 07:00,4.467,0.079,0,0
2024-03-03 08:00,4.841,0.072,0,0
2024-03-03 09:00,5.231,0.069,0,0
2024-03-03 10:00,5.612,0.072,0,0
2024-03-03 11:00,5.831,0.092,0,0
2024-03-03 12:00,5.956,0.082,0,0
2024-03-03 13:00,5.723,0.075,0,0
2024-03-03 14:00,5.100,0.079,0,0
2024-03-03 15:00,4.381,0.062,0,0
2024-03-03 16:00,3.876,0.039,0,0
2024-03-03 17:00,3.502,0.039,0,0
2024-03-03 18:00,3.134,0.030,0,0
2024-03-03 19:00,2.931,0.030,0,0
2024-03-03 20:00,2.810,0.036,0,0
2024-03-03 21:00,2.875,0.026,0,0
2024-03-03 22:00,3.052,0.043,0,0
2024-03-03 23:00,3.292,0.036,0,0
2024-03-04 00:00,3.656,0.052,0,0
2024-03-04 01:00,3.928,0.069,0,0
2024-03-04 02:00,4.207,0.066,0,0
2024-03-04 03:00,4.283,0.082,0,0
2024-03-04 04:00,4.293,0.072,0,0
2024-03-04 05:00,4.289,0.066,0,0
2024-03-04 06:00,4.181,0.072,0,0
2024-03-04 07:00,4.289,0.046,0,0
2024-03-04 08:00,4.375,0.059,0,0
2024-03-04 09:00,4.588,0.072,0,0
2024-03-04 10:00,4.968,0.052,0,0
2024-03-04 11:00,5.359,0.069,0,0
2024-03-04 12:00,5.674,0.052,0,0
2024-03-04 13:00,5.749,0.079,0,0
2024-03-04 14:00,5.566,0.049,0,0
2024-03-04 15:00,5.073,0.056,0,0
2024-03-04 16:00,4.381,0.036,0,0
2024-03-04 17:00,3.879,0.033,0,0
2024-03-04 18:00,3.394,0.052,0,0
2024-03-04 19:00,3.026,0.030,0,0
2024-03-04 20:00,2.767,0.033,0,0
2024-03-04 21:00,2.675,0.020,0,0
2024-03-04 22:00,2.633,0.020,0,0
2024-03-04 23:00,2.747,0.023,0,0
2024-03-05 00:00,3.046,0.033,0,0
2024-03-05 01:00,3.413,0.036,0,0
2024-03-05 02:00,3.804,0.056,0,0
2024-03-05 03:00,4.086,0.052,0,0
2024-03-05 04:00,4.365,0.052,0,0
2024-03-05 05:00,4.440,0.049,0,0
2024-03-05 06:00,4.378,0.056,0,0
2024-03-05 07:00,4.266,0.049,0,0
2024-03-05 08:00,4.230,0.046,0,0
2024-03-05 09:00,4.345,0.036,0,0
2024-03-05 10:00,4.516,0.043,0,0
2024-03-05 11:00,5.051,0.049,0,0
2024-03-05 12:00,5.480,0.043,0,0
2024-03-05 13:00,5.821,0.026,0,0
2024-03-05 14:00,6.012,0.046,0,0
2024-03-05 15:00,5.936,0.033,0,0
2024-03-05 16:00,5.392,0.036,0,0
2024-03-05 17:00,4.706,0.036,0,0
2024-03-05 18:00,3.791,0.033,0,0
2024-03-05 19:00,3.230,0.026,0,0
2024-03-05 20:00,2.780,0.016,0,0
2024-03-05 21:00,2.511,0.016,0,0
2024-03-05 22:00,2.308,0.010,0,0
2024-03-05 23:00,2.331,0.020,0,0
2024-03-06 00:00,2.537,0.016,0,0
2024-03-06 01:00,2.954,0.026,0,0
2024-03-06 02:00,3.600,0.023,0,0
2024-03-06 03:00,4.024,0.030,0,0
2024-03-06 04:00,4.480,0.023,0,0
2024-03-06 05:00,4.834,0.030,0,0
2024-03-06 06:00,4.844,0.033,0,0
2024-03-06 07:00,4.644,0.039,0,0
2024-03-06 08:00,4.368,0.039,0,0
2024-03-06 09:00,4.217,0.033,0,0
2024-03-06 10:00,4.260,0.039,0,0
2024-03-06 11:00,4.578,0.049,0,0
2024-03-06 12:00,4.991,0.036,0,0
2024-03-06 13:00,5.575,0.036,0,0
2024-03-06 14:00,6.127,0.056,0,0
2024-03-06 15:00,6.501,0.043,0,0
2024-03-06 16:00,6.383,0.043,0,0
2024-03-06 17:00,5.841,0.046,0,0
2024-03-06 18:00,4.834,0.026,0,0
2024-03-06 19:00,3.745,0.026,0,0
2024-03-06 20:00,2.967,0.026,0,0
2024-03-06 21:00,2.541,0.010,0,0
2024-03-06 22:00,2.272,0.016,0,0
2024-03-06 23:00,2.075,0.010,0,0
2024-03-07 00:00,2.137,0.010,0,0
2024-03-07 01:00,2.406,0.010,0,0
2024-03-07 02:00,3.112,0.026,0,0
2024-03-07 03:00,3.659,0.026,0,0
2024-03-07 04:00,4.260,0.030,0,0
2024-03-07 05:00,4.913,0.023,0,0
2024-03-07 06:00,5.159,0.030,0,0
2024-03-07 07:00,4.942,0.023,0,0
2024-03-07 08:00,4.601,0.033,0,0
2024-03-07 09:00,4.135,0.030,0,0
2024-03-07 10:00,3.876,0.030,0,0
2024-03-07 11:00,3.879,0.039,0,0
2024-03-07 12:00,4.161,0.030,0,0
2024-03-07 13:00,4.745,0.043,0,0
2024-03-07 14:00,5.411,0.043,0,0
2024-03-07 15:00,6.100,0.046,0,0
2024-03-07 16:00,6.491,0.046,0,0
2024-03-07 17:00,6.501,0.046,0,0
2024-03-07 18:00,5.802,0.059,0,0
2024-03-07 19:00,4.562,0.043,0,0
2024-03-07 20:00,3.492,0.023,0,0
2024-03-07 21:00,2.757,0.020,0,0
2024-03-07 22:00,2.400,0.016,0,0
2024-03-07 23:00,2.101,0.013,0,0
2024-03-08 00:00,1.927,0.013,0,0
2024-03-08 01:00,1.940,0.016,0,0
2024-03-08 02:00,2.249,0.020,0,0
2024-03-08 03:00,2.931,0.036,0,0
2024-03-08 04:00,3.623,0.036,0,0
2024-03-08 05:00,4.368,0.033,0,0
2024-03-08 06:00,4.863,0.049,0,0
2024-03-08 07:00,4.913,0.052,0,0
2024-03-08 08:00,4.558,0.043,0,0
2024-03-08 09:00,3.991,0.039,0,0
2024-03-08 10:00,3.486,0.033,0,0
2024-03-08 11:00,3.223,0.026,0,0
2024-03-08 12:00,3.344,0.023,0,0
2024-03-08 13:00,3.633,0.030,0,0
2024-03-08 14:00,4.260,0.033,0,0
2024-03-08 15:00,5.110,0.026,0,0
2024-03-08 16:00,5.821,0.026,0,0
2024-03-08 17:00,6.346,0.033,0,0
2024-03-08 18:00,6.383,0.023,0,0
2024-03-08 19:00,5.467,0.020,0,0
2024-03-08 20:00,4.089,0.030,0,0
2024-03-08 21:00,3.095,0.026,0,0
2024-03-08 22:00,2.475,0.020,0,0
2024-03-08 23:00,2.111,0.023,0,0
2024-03-09 00:00,1.832,0.023,0,0
2024-03-09 01:00,1.711,0.023,0,0
2024-03-09 02:00,1.793,0.023,0,0
2024-03-09 03:00,2.291,0.013,0,0
2024-03-09 04:00,3.148,0.036,0,0
2024-03-09 05:00,4.010,0.030,0,0
2024-03-09 06:00,4.870,0.036,0,0
2024-03-09 07:00,5.257,0.026,0,0
2024-03-09 08:00,5.090,0.033,0,0
2024-03-09 09:00,4.358,0.016,0,0
2024-03-09 10:00,3.522,0.026,0,0
2024-03-09 11:00,3.023,0.020,0,0
2024-03-09 12:00,2.783,0.020,0,0
2024-03-09 13:00,2.905,0.030,0,0
2024-03-09 14:00,3.305,0.026,0,0
2024-03-09 15:00,3.974,0.030,0,0
2024-03-09 16:00,4.975,0.020,0,0
2024-03-09 17:00,5.871,0.026,0,0
2024-03-09 18:00,6.455,0.026,0,0
2024-03-09 19:00,6.389,0.033,0,0
2024-03-09 20:00,5.467,0.023,0,0
2024-03-09 21:00,3.912,0.026,0,0
2024-03-09 22:00,2.944,0.016,0,0
2024-03-09 23:00,2.406,0.013,0,0
2024-03-10 00:00,2.052,0.013,0,0
2024-03-10 01:00,1.829,0.010,0,0
2024-03-10 02:00,1.773,0.013,0,0
2024-03-10 03:00,2.075,0.010,0,0
2024-03-10 04:00,2.915,0.036,0,0
2024-03-10 05:00,3.925,0.052,0,0
2024-03-10 06:00,4.877,0.072,0,0
2024-03-10 07:00,5.608,0.046,0,0
2024-03-10 08:00,5.707,0.052,0,0
2024-03-10 09:00,5.136,0.043,0,0
2024-03-10 10:00,4.171,0.059,0,0
2024-03-10 11:00,3.354,0.030,0,0
2024-03-10 12:00,2.964,0.026,0,0
2024-03-10 13:00,2.672,0.016,0,0
2024-03-10 14:00,2.865,0.020,0,0
2024-03-10 15:00,3.259,0.030,0,0
2024-03-10 16:00,3.991,0.046,0,0
2024-03-10 17:00,5.034,0.059,0,0
2024-03-10 18:00,5.867,0.072,0,0
2024-03-10 19:00,6.504,0.062,0,0
2024-03-10 20:00,6.304,0.079,0,0
2024-03-10 21:00,5.339,0.069,0,0
2024-03-10 22:00,4.001,0.059,0,0
2024-03-10 23:00,3.121,0.033,0,0
2024-03-11 00:00,2.623,0.030,0,0
2024-03-11 01:00,2.219,0.023,0,0
2024-03-11 02:00,2.147,0.030,0,0
2024-03-11 03:00,2.318,0.039,0,0
2024-03-11 04:00,2.905,0.069,0,0
2024-03-11 05:00,3.820,0.072,0,0
2024-03-11 06:00,5.054,0.125,0,0
2024-03-11 07:00,6.015,0.098,0,0
2024-03-11 08:00,6.363,0.098,0,0
2024-03-11 09:00,6.028,0.118,0,0
2024-03-11 10:00,5.172,0.112,0,0
2024-03-11 11:00,4.024,0.039,0,0
2024-03-11 12:00,3.338,0.036,0,0
2024-03-11 13:00,2.797,0.033,0,0
2024-03-11 14:00,2.596,0.026,0,0
2024-03-11 15:00,2.610,0.030,0,0
2024-03-11 16:00,3.059,0.072,0,0
2024-03-11 17:00,3.817,0.085,0,0
2024-03-11 18:00,4.785,0.118,0,0
2024-03-11 19:00,5.785,0.157,0,0
2024-03-11 20:00,6.097,0.138,0,0
2024-03-11 21:00,5.746,0.095,0,0
2024-03-11 22:00,4.916,0.115,0,0
2024-03-11 23:00,3.745,0.056,0,0
2024-03-12 00:00,3.108,0.036,0,0
2024-03-12 01:00,2.675,0.026,0,0
2024-03-12 02:00,2.403,0.030,0,0
2024-03-12 03:00,2.370,0.030,0,0
2024-03-12 04:00,2.783,0.046,0,0
2024-03-12 05:00,3.456,0.066,0,0
2024-03-12 06:00,4.499,0.085,0,0
2024-03-12 07:00,5.480,0.102,0,0
2024-03-12 08:00,6.307,0.072,0,0
2024-03-12 09:00,6.451,0.092,0,0
2024-03-12 10:00,5.867,0.082,0,0
2024-03-12 11:00,4.637,0.092,0,0
2024-03-12 12:00,3.499,0.030,0,0
2024-03-12 13:00,2.987,0.030,0,0
2024-03-12 14:00,2.675,0.026,0,0
2024-03-12 15:00,2.524,0.020,0,0
2024-03-12 16:00,2.610,0.030,0,0
2024-03-12 17:00,2.964,0.030,0,0
2024-03-12 18:00,3.607,0.062,0,0
2024-03-12 19:00,4.414,0.075,0,0
2024-03-12 20:00,5.119,0.092,0,0
2024-03-12 21:00,5.451,0.062,0,0
2024-03-12 22:00,5.211,0.066,0,0
2024-03-12 23:00,4.430,0.052,0,0
2024-03-13 00:00,3.558,0.039,0,0
2024-03-13 01:00,2.974,0.030,0,0
2024-03-13 02:00,2.675,0.026,0,0
2024-03-13 03:00,2.570,0.023,0,0
2024-03-13 04:00,2.639,0.010,0,0
2024-03-13 05:00,3.200,0.039,0,0
2024-03-13 06:00,4.040,0.052,0,0
2024-03-13 07:00,5.136,0.066,0,0
2024-03-13 08:00,5.956,0.075,0,0
2024-03-13 09:00,6.379,0.098,0,0
2024-03-13 10:00,6.120,0.075,0,0
2024-03-13 11:00,5.379,0.098,0,0
2024-03-13 12:00,4.010,0.059,0,0
2024-03-13 13:00,3.112,0.030,0,0
2024-03-13 14:00,2.649,0.023,0,0
2024-03-13 15:00,2.390,0.016,0,0
2024-03-13 16:00,2.255,0.023,0,0
2024-03-13 17:00,2.229,0.036,0,0
2024-03-13 18:00,2.619,0.033,0,0
2024-03-13 19:00,3.098,0.049,0,0
2024-03-13 20:00,3.699,0.082,0,0
2024-03-13 21:00,4.368,0.125,0,0
2024-03-13 22:00,4.732,0.075,0,0
2024-03-13 23:00,4.624,0.089,0,0
2024-03-14 00:00,4.194,0.072,0,0
2024-03-14 01:00,3.610,0.036,0,0
2024-03-14 02:00,3.161,0.020,0,0
2024-03-14 03:00,2.865,0.049,0,0
2024-03-14 04:00,2.931,0.033,0,0
2024-03-14 05:00,3.108,0.036,0,0
2024-03-14 06:00,3.692,0.079,0,0
2024-03-14 07:00,4.526,0.059,0,0
2024-03-14 08:00,5.388,0.046,0,0
2024-03-14 09:00,6.146,0.079,0,0
2024-03-14 10:00,6.442,0.066,0,0
2024-03-14 11:00,6.058,0.069,0,0
2024-03-14 12:00,5.024,0.066,0,0
2024-03-14 13:00,3.735,0.039,0,0
2024-03-14 14:00,2.961,0.023,0,0
2024-03-14 15:00,2.501,0.016,0,0
2024-03-14 16:00,2.229,0.010,0,0
2024-03-14 17:00,2.150,0.016,0,0
2024-03-14 18:00,2.157,0.016,0,0
2024-03-14 19:00,2.528,0.026,0,0
2024-03-14 20:00,2.967,0.046,0,0
2024-03-14 21:00,3.354,0.056,0,0
2024-03-14 22:00,3.974,0.072,0,0
2024-03-14 23:00,4.270,0.072,0,0
2024-03-15 00:00,4.427,0.052,0,0
2024-03-15 01:00,4.096,0.069,0,0
2024-03-15 02:00,3.650,0.046,0,0
2024-03-15 03:00,3.285,0.043,0,0
2024-03-15 04:00,3.217,0.033,0,0
2024-03-15 05:00,3.315,0.043,0,0
2024-03-15 06:00,3.686,0.059,0,0
2024-03-15 07:00,4.345,0.046,0,0
2024-03-15 08:00,5.083,0.049,0,0
2024-03-15 09:00,5.710,0.059,0,0
2024-03-15 10:00,6.218,0.046,0,0
2024-03-15 11:00,6.340,0.046,0,0
2024-03-15 12:00,5.890,0.043,0,0
2024-03-15 13:00,4.831,0.062,0,0
2024-03-15 14:00,3.709,0.036,0,0
2024-03-15 15:00,2.961,0.026,0,0
2024-03-15 16:00,2.528,0.023,0,0
2024-03-15 17:00,2.308,0.023,0,0
2024-03-15 18:00,2.255,0.010,0,0
2024-03-15 19:00,2.295,0.016,0,0
2024-03-15 20:00,2.633,0.052,0,0
2024-03-15 21:00,2.974,0.030,0,0
2024-03-15 22:00,3.466,0.043,0,0
2024-03-15 23:00,3.968,0.046,0,0
2024-03-16 00:00,4.302,0.069,0,0
2024-03-16 01:00,4.571,0.049,0,0
2024-03-16 02:00,4.453,0.049,0,0
2024-03-16 03:00,4.145,0.056,0,0
2024-03-16 04:00,3.856,0.036,0,0
2024-03-16 05:00,3.732,0.039,0,0
2024-03-16 06:00,3.830,0.056,0,0
2024-03-16 07:00,4.102,0.056,0,0
2024-03-16 08:00,4.706,0.062,0,0
2024-03-16 09:00,5.293,0.049,0,0
2024-03-16 10:00,5.805,0.062,0,0
2024-03-16 11:00,6.091,0.056,0,0
2024-03-16 12:00,6.038,0.059,0,0
2024-03-16 13:00,5.589,0.056,0,0
2024-03-16 14:00,4.634,0.039,0,0
2024-03-16 15:00,3.551,0.043,0,0
2024-03-16 16:00,2.951,0.026,0,0
2024-03-16 17:00,2.501,0.016,0,0
2024-03-16 18:00,2.222,0.013,0,0
2024-03-16 19:00,2.183,0.030,0,0
2024-03-16 20:00,2.206,0.026,0,0
2024-03-16 21:00,2.304,0.023,0,0
2024-03-16 22:00,2.721,0.039,0,0
2024-03-16 23:00,3.138,0.039,0,0
2024-03-17 00:00,3.613,0.056,0,0
2024-03-17 01:00,4.099,0.062,0,0
2024-03-17 02:00,4.401,0.039,0,0
2024-03-17 03:00,4.444,0.046,0,0
2024-03-17 04:00,4.293,0.039,0,0
2024-03-17 05:00,4.086,0.039,0,0
2024-03-17 06:00,3.853,0.036,0,0
2024-03-17 07:00,3.843,0.039,0,0
2024-03-17 08:00,4.060,0.052,0,0
2024-03-17 09:00,4.430,0.052,0,0
2024-03-17 10:00,4.913,0.036,0,0
2024-03-17 11:00,5.352,0.033,0,0
2024-03-17 12:00,5.608,0.043,0,0
2024-03-17 13:00,5.615,0.062,0,0
2024-03-17 14:00,5.270,0.039,0,0
2024-03-17 15:00,4.571,0.043,0,0
2024-03-17 16:00,3.558,0.036,0,0
2024-03-17 17:00,2.902,0.026,0,0
2024-03-17 18:00,2.498,0.020,0,0
2024-03-17 19:00,2.314,0.016,0,0
2024-03-17 20:00,2.180,0.023,0,0
2024-03-17 21:00,2.157,0.026,0,0
2024-03-17 22:00,2.236,0.023,0,0
2024-03-17 23:00,2.583,0.033,0,0
2024-03-18 00:00,3.036,0.033,0,0
2024-03-18 01:00,3.486,0.039,0,0
2024-03-18 02:00,4.024,0.049,0,0
2024-03-18 03:00,4.404,0.046,0,0
2024-03-18 04:00,4.526,0.059,0,0
2024-03-18 05:00,4.427,0.043,0,0
2024-03-18 06:00,4.188,0.046,0,0
2024-03-18 07:00,3.991,0.046,0,0
2024-03-18 08:00,3.781,0.039,0,0
2024-03-18 09:00,3.919,0.039,0,0
2024-03-18 10:00,4.204,0.046,0,0
2024-03-18 11:00,4.663,0.043,0,0
2024-03-18 12:00,5.073,0.062,0,0
2024-03-18 13:00,5.388,0.056,0,0
2024-03-18 14:00,5.454,0.056,0,0
2024-03-18 15:00,5.244,0.046,0,0
2024-03-18 16:00,4.588,0.023,0,0
2024-03-18 17:00,3.682,0.030,0,0
2024-03-18 18:00,3.016,0.043,0,0
2024-03-18 19:00,2.590,0.020,0,0
2024-03-18 20:00,2.278,0.023,0,0
2024-03-18 21:00,2.121,0.010,0,0
2024-03-18 22:00,2.035,0.013,0,0
2024-03-18 23:00,2.160,0.023,0,0
2024-03-19 00:00,2.547,0.046,0,0
2024-03-19 01:00,3.026,0.043,0,0
2024-03-19 02:00,3.587,0.039,0,0
2024-03-19 03:00,4.158,0.026,0,0
2024-03-19 04:00,4.588,0.039,0,0
2024-03-19 05:00,4.781,0.043,0,0
2024-03-19 06:00,4.608,0.052,0,0
2024-03-19 07:00,4.260,0.052,0,0
2024-03-19 08:00,3.899,0.046,0,0
2024-03-19 09:00,3.650,0.049,0,0
2024-03-19 10:00,3.709,0.046,0,0
2024-03-19 11:00,3.948,0.036,0,0
2024-03-19 12:00,4.296,0.059,0,0
2024-03-19 13:00,4.795,0.049,0,0
2024-03-19 14:00,5.185,0.039,0,0
2024-03-19 15:00,5.402,0.043,0,0
2024-03-19 16:00,5.283,0.049,0,0
2024-03-19 17:00,4.686,0.052,0,0
2024-03-19 18:00,3.804,0.030,0,0
2024-03-19 19:00,3.036,0.036,0,0
2024-03-19 20:00,2.485,0.020,0,0
2024-03-19 21:00,2.232,0.023,0,0
2024-03-19 22:00,2.065,0.020,0,0
2024-03-19 23:00,2.009,0.023,0,0
2024-03-20 00:00,2.134,0.023,0,0
2024-03-20 01:00,2.639,0.030,0,0
2024-03-20 02:00,3.112,0.039,0,0
2024-03-20 03:00,3.705,0.033,0,0
2024-03-20 04:00,4.381,0.039,0,0
2024-03-20 05:00,4.785,0.052,0,0
2024-03-20 06:00,4.863,0.046,0,0
2024-03-20 07:00,4.516,0.039,0,0
2024-03-20 08:00,4.014,0.049,0,0
2024-03-20 09:00,3.574,0.043,0,0
2024-03-20 10:00,3.351,0.033,0,0
2024-03-20 11:00,3.440,0.043,0,0
2024-03-20 12:00,3.636,0.043,0,0
2024-03-20 13:00,4.096,0.066,0,0
2024-03-20 14:00,4.713,0.039,0,0
2024-03-20 15:00,5.182,0.036,0,0
2024-03-20 16:00,5.474,0.052,0,0
2024-03-20 17:00,5.339,0.043,0,0
2024-03-20 18:00,4.670,0.036,0,0
2024-03-20 19:00,3.699,0.046,0,0
2024-03-20 20:00,3.000,0.023,0,0
2024-03-20 21:00,2.406,0.023,0,0
2024-03-20 22:00,2.131,0.010,0,0
2024-03-20 23:00,2.022,0.020,0,0
2024-03-21 00:00,1.980,0.020,0,0
2024-03-21 01:00,2.193,0.023,0,0
2024-03-21 02:00,2.777,0.049,0,0
2024-03-21 03:00,3.407,0.033,0,0
2024-03-21 04:00,4.096,0.039,0,0
2024-03-21 05:00,4.611,0.056,0,0
2024-03-21 06:00,4.975,0.046,0,0
2024-03-21 07:00,4.768,0.062,0,0
2024-03-21 08:00,4.316,0.043,0,0
2024-03-21 09:00,3.728,0.049,0,0
2024-03-21 10:00,3.328,0.036,0,0
2024-03-21 11:00,3.167,0.030,0,0
2024-03-21 12:00,3.308,0.030,0,0
2024-03-21 13:00,3.541,0.052,0,0
2024-03-21 14:00,4.060,0.059,0,0
2024-03-21 15:00,4.663,0.049,0,0
2024-03-21 16:00,5.175,0.036,0,0
2024-03-21 17:00,5.395,0.049,0,0
2024-03-21 18:00,5.139,0.046,0,0
2024-03-21 19:00,4.417,0.052,0,0
2024-03-21 20:00,3.499,0.039,0,0
2024-03-21 21:00,2.777,0.023,0,0
2024-03-21 22:00,2.318,0.016,0,0
2024-03-21 23:00,2.150,0.013,0,0
2024-03-22 00:00,2.029,0.013,0,0
2024-03-22 01:00,2.108,0.013,0,0
2024-03-22 02:00,2.367,0.026,0,0
2024-03-22 03:00,3.121,0.046,0,0
2024-03-22 04:00,3.735,0.059,0,0
2024-03-22 05:00,4.480,0.043,0,0
2024-03-22 06:00,4.916,0.059,0,0
2024-03-22 07:00,5.087,0.052,0,0
2024-03-22 08:00,4.624,0.046,0,0
2024-03-22 09:00,3.961,0.039,0,0
2024-03-22 10:00,3.351,0.030,0,0
2024-03-22 11:00,3.059,0.033,0,0
2024-03-22 12:00,3.000,0.033,0,0
2024-03-22 13:00,3.233,0.033,0,0
2024-03-22 14:00,3.577,0.043,0,0
2024-03-22 15:00,4.220,0.039,0,0
2024-03-22 16:00,4.913,0.043,0,0
2024-03-22 17:00,5.431,0.043,0,0
2024-03-22 18:00,5.582,0.039,0,0
2024-03-22 19:00,5.211,0.030,0,0
2024-03-22 20:00,4.316,0.039,0,0
2024-03-22 21:00,3.321,0.026,0,0
2024-03-22 22:00,2.705,0.020,0,0
2024-03-22 23:00,2.377,0.020,0,0
2024-03-23 00:00,2.259,0.016,0,0
2024-03-23 01:00,2.308,0.020,0,0
2024-03-23 02:00,2.583,0.026,0,0
2024-03-23 03:00,3.157,0.033,0,0
2024-03-23 04:00,3.853,0.039,0,0
2024-03-23 05:00,4.650,0.033,0,0
2024-03-23 06:00,5.375,0.030,0,0
2024-03-23 07:00,5.582,0.046,0,0
2024-03-23 08:00,5.244,0.036,0,0
2024-03-23 09:00,4.437,0.033,0,0
2024-03-23 10:00,3.676,0.043,0,0
2024-03-23 11:00,3.243,0.033,0,0
2024-03-23 12:00,3.072,0.049,0,0
2024-03-23 13:00,3.246,0.046,0,0
2024-03-23 14:00,3.489,0.046,0,0
2024-03-23 15:00,3.883,0.056,0,0
2024-03-23 16:00,4.663,0.075,0,0
2024-03-23 17:00,5.395,0.075,0,0
2024-03-23 18:00,5.815,0.072,0,0
2024-03-23 19:00,5.821,0.072,0,0
2024-03-23 20:00,5.195,0.066,0,0
2024-03-23 21:00,4.122,0.072,0,0
2024-03-23 22:00,3.407,0.030,0,0
2024-03-23 23:00,2.977,0.056,0,0
2024-03-24 00:00,2.583,0.030,0,0
2024-03-24 01:00,2.501,0.033,0,0
2024-03-24 02:00,2.672,0.046,0,0
2024-03-24 03:00,3.157,0.049,0,0
2024-03-24 04:00,3.696,0.059,0,0
2024-03-24 05:00,4.522,0.059,0,0
2024-03-24 06:00,5.280,0.072,0,0
2024-03-24 07:00,5.684,0.046,0,0
2024-03-24 08:00,5.477,0.056,0,0
2024-03-24 09:00,4.854,0.046,0,0
2024-03-24 10:00,3.961,0.052,0,0
2024-03-24 11:00,3.354,0.030,0,0
2024-03-24 12:00,3.095,0.036,0,0
2024-03-24 13:00,2.911,0.049,0,0
2024-03-24 14:00,3.013,0.036,0,0
2024-03-24 15:00,3.371,0.036,0,0
2024-03-24 16:00,3.902,0.069,0,0
2024-03-24 17:00,4.673,0.056,0,0
2024-03-24 18:00,5.283,0.069,0,0
2024-03-24 19:00,5.536,0.056,0,0
2024-03-24 20:00,5.326,0.085,0,0
2024-03-24 21:00,4.627,0.046,0,0
2024-03-24 22:00,3.804,0.039,0,0
2024-03-24 23:00,3.246,0.039,0,0
2024-03-25 00:00,2.790,0.026,0,0
2024-03-25 01:00,2.577,0.026,0,0
2024-03-25 02:00,2.551,0.020,0,0
2024-03-25 03:00,2.859,0.030,0,0
2024-03-25 04:00,3.400,0.043,0,0
2024-03-25 05:00,4.109,0.039,0,0
2024-03-25 06:00,4.772,0.059,0,0
2024-03-25 07:00,5.280,0.033,0,0
2024-03-25 08:00,5.326,0.033,0,0
2024-03-25 09:00,4.880,0.052,0,0
2024-03-25 10:00,4.211,0.036,0,0
2024-03-25 11:00,3.358,0.023,0,0
2024-03-25 12:00,2.879,0.020,0,0
2024-03-25 13:00,2.698,0.010,0,0
2024-03-25 14:00,2.639,0.013,0,0
2024-03-25 15:00,2.803,0.013,0,0
2024-03-25 16:00,3.279,0.013,0,0
2024-03-25 17:00,3.820,0.033,0,0
2024-03-25 18:00,4.440,0.043,0,0
2024-03-25 19:00,4.900,0.043,0,0
2024-03-25 20:00,5.113,0.043,0,0
2024-03-25 21:00,4.736,0.033,0,0
2024-03-25 22:00,4.102,0.023,0,0
2024-03-25 23:00,3.407,0.023,0,0
2024-03-26 00:00,2.931,0.026,0,0
2024-03-26 01:00,2.655,0.020,0,0
2024-03-26 02:00,2.554,0.023,0,0
2024-03-26 03:00,2.741,0.023,0,0
2024-03-26 04:00,3.230,0.026,0,0
2024-03-26 05:00,3.961,0.036,0,0
2024-03-26 06:00,4.709,0.039,0,0
2024-03-26 07:00,5.280,0.046,0,0
2024-03-26 08:00,5.516,0.043,0,0
2024-03-26 09:00,5.090,0.033,0,0
2024-03-26 10:00,4.463,0.036,0,0
2024-03-26 11:00,3.551,0.026,0,0
2024-03-26 12:00,2.967,0.026,0,0
2024-03-26 13:00,2.577,0.020,0,0
2024-03-26 14:00,2.377,0.023,0,0
2024-03-26 15:00,2.393,0.023,0,0
2024-03-26 16:00,2.633,0.020,0,0
2024-03-26 17:00,3.121,0.033,0,0
2024-03-26 18:00,3.827,0.039,0,0
2024-03-26 19:00,4.378,0.039,0,0
2024-03-26 20:00,4.680,0.049,0,0
2024-03-26 21:00,4.686,0.043,0,0
2024-03-26 22:00,4.230,0.043,0,0
2024-03-26 23:00,3.718,0.026,0,0
2024-03-27 00:00,3.161,0.033,0,0
2024-03-27 01:00,2.810,0.026,0,0
2024-03-27 02:00,2.672,0.023,0,0
2024-03-27 03:00,2.797,0.033,0,0
2024-03-27 04:00,3.089,0.030,0,0
2024-03-27 05:00,3.722,0.039,0,0
2024-03-27 06:00,4.388,0.046,0,0
2024-03-27 07:00,5.024,0.059,0,0
2024-03-27 08:00,5.352,0.056,0,0
2024-03-27 09:00,5.257,0.046,0,0
2024-03-27 10:00,4.634,0.036,0,0
2024-03-27 11:00,3.771,0.039,0,0
2024-03-27 12:00,3.089,0.030,0,0
2024-03-27 13:00,2.646,0.023,0,0
2024-03-27 14:00,2.390,0.020,0,0
2024-03-27 15:00,2.291,0.020,0,0
2024-03-27 16:00,2.452,0.020,0,0
2024-03-27 17:00,2.659,0.020,0,0
2024-03-27 18:00,3.318,0.023,0,0
2024-03-27 19:00,3.932,0.030,0,0
2024-03-27 20:00,4.381,0.049,0,0
2024-03-27 21:00,4.660,0.046,0,0
2024-03-27 22:00,4.539,0.036,0,0
2024-03-27 23:00,4.096,0.033,0,0
2024-03-28 00:00,3.577,0.033,0,0
2024-03-28 01:00,3.236,0.010,0,0
2024-03-28 02:00,3.052,0.016,0,0
2024-03-28 03:00,3.102,0.023,0,0
2024-03-28 04:00,3.302,0.020,0,0
2024-03-28 05:00,3.863,0.046,0,0
2024-03-28 06:00,4.493,0.049,0,0
2024-03-28 07:00,5.169,0.039,0,0
2024-03-28 08:00,5.608,0.043,0,0
2024-03-28 09:00,5.582,0.049,0,0
2024-03-28 10:00,5.103,0.043,0,0
2024-03-28 11:00,4.309,0.030,0,0
2024-03-28 12:00,3.561,0.023,0,0
2024-03-28 13:00,2.918,0.010,0,0
2024-03-28 14:00,2.662,0.013,0,0
2024-03-28 15:00,2.413,0.010,0,0
2024-03-28 16:00,2.229,0.010,0,0
2024-03-28 17:00,2.436,0.010,0,0
2024-03-28 18:00,2.869,0.026,0,0
2024-03-28 19:00,3.538,0.030,0,0
2024-03-28 20:00,3.938,0.056,0,0
2024-03-28 21:00,4.368,0.059,0,0
2024-03-28 22:00,4.453,0.095,0,0
2024-03-28 23:00,4.414,0.089,0,0
2024-03-29 00:00,4.099,0.056,0,0
2024-03-29 01:00,3.794,0.039,0,0
2024-03-29 02:00,3.571,0.062,0,0
2024-03-29 03:00,3.515,0.026,0,0
2024-03-29 04:00,3.669,0.069,0,0
2024-03-29 05:00,3.942,0.059,0,0
2024-03-29 06:00,4.427,0.072,0,0
2024-03-29 07:00,5.051,0.118,0,0
2024-03-29 08:00,5.549,0.112,0,0
2024-03-29 09:00,5.821,0.072,0,0
2024-03-29 10:00,5.631,0.072,0,0
2024-03-29 11:00,4.991,0.082,0,0
2024-03-29 12:00,4.194,0.033,0,0
2024-03-29 13:00,3.574,0.016,0,0
2024-03-29 14:00,3.108,0.046,0,0
2024-03-29 15:00,2.770,0.033,0,0
2024-03-29 16:00,2.587,0.026,0,0
2024-03-29 17:00,2.564,0.033,0,0
2024-03-29 18:00,2.829,0.049,0,0
2024-03-29 19:00,3.387,0.036,0,0
2024-03-29 20:00,3.817,0.030,0,0
2024-03-29 21:00,4.378,0.043,0,0
2024-03-29 22:00,4.670,0.059,0,0
2024-03-29 23:00,4.903,0.036,0,0
2024-03-30 00:00,4.673,0.030,0,0
2024-03-30 01:00,4.391,0.023,0,0
2024-03-30 02:00,4.148,0.039,0,0
2024-03-30 03:00,4.102,0.033,0,0
2024-03-30 04:00,4.138,0.036,0,0
2024-03-30 05:00,4.499,0.023,0,0
2024-03-30 06:00,4.880,0.052,0,0
2024-03-30 07:00,5.477,0.052,0,0
2024-03-30 08:00,5.986,0.059,0,0
2024-03-30 09:00,6.419,0.036,0,0
2024-03-30 10:00,6.297,0.059,0,0
2024-03-30 11:00,5.904,0.075,0,0
2024-03-30 12:00,5.011,0.075,0,0
2024-03-30 13:00,4.158,0.023,0,0
2024-03-30 14:00,3.584,0.033,0,0
2024-03-30 15:00,3.184,0.023,0,0
2024-03-30 16:00,2.938,0.013,0,0
2024-03-30 17:00,2.816,0.023,0,0
2024-03-30 18:00,2.767,0.026,0,0
2024-03-30 19:00,3.013,0.033,0,0
2024-03-30 20:00,3.404,0.052,0,0
2024-03-30 21:00,3.768,0.043,0,0
2024-03-30 22:00,4.217,0.056,0,0
2024-03-30 23:00,4.480,0.049,0,0
2024-03-31 00:00,4.627,0.052,0,0
2024-03-31 01:00,4.529,0.062,0,0
2024-03-31 02:00,4.339,0.043,0,0
2024-03-31 03:00,4.230,0.046,0,0
2024-03-31 04:00,4.096,0.056,0,0
2024-03-31 05:00,4.243,0.066,0,0
2024-03-31 06:00,4.585,0.072,0,0
2024-03-31 07:00,4.926,0.072,0,0
2024-03-31 08:00,5.451,0.066,0,0
2024-03-31 09:00,5.792,0.062,0,0
2024-03-31 10:00,6.022,0.059,0,0
2024-03-31 11:00,5.890,0.043,0,0
2024-03-31 12:00,5.392,0.046,0,0
2024-03-31 13:00,4.562,0.039,0,0
2024-03-31 14:00,3.853,0.039,0,0
2024-03-31 15:00,3.338,0.020,0,0
2024-03-31 16:00,2.987,0.016,0,0
2024-03-31 17:00,2.777,0.016,0,0
2024-03-31 18:00,2.692,0.036,0,0
2024-03-31 19:00,2.639,0.026,0,0
2024-03-31 20:00,2.777,0.023,0,0
2024-03-31 21:00,3.210,0.026,0,0
2024-03-31 22:00,3.610,0.033,0,0
2024-03-31 23:00,3.942,0.039,0,0
2024-04-01 00:00,4.211,0.066,0,0
2024-04-01 01:00,4.417,0.043,0,0
2024-04-01 02:00,4.450,0.049,0,0
2024-04-01 03:00,4.430,0.036,0,0
2024-04-01 04:00,4.339,0.046,0,0
2024-04-01 05:00,4.388,0.033,0,0
2024-04-01 06:00,4.368,0.059,0,0
2024-04-01 07:00,4.562,0.030,0,0
2024-04-01 08:00,4.916,0.026,0,0
2024-04-01 09:00,5.283,0.049,0,0
2024-04-01 10:00,5.644,0.026,0,0
2024-04-01 11:00,5.687,0.039,0,0
2024-04-01 12:00,5.582,0.046,0,0
2024-04-01 13:00,5.110,0.026,0,0
2024-04-01 14:00,4.499,0.036,0,0
2024-04-01 15:00,3.863,0.023,0,0
2024-04-01 16:00,3.269,0.020,0,0
2024-04-01 17:00,2.954,0.016,0,0
2024-04-01 18:00,2.731,0.010,0,0
2024-04-01 19:00,2.465,0.013,0,0
2024-04-01 20:00,2.367,0.010,0,0
2024-04-01 21:00,2.439,0.010,0,0
2024-04-01 22:00,2.718,0.013,0,0
2024-04-01 23:00,3.039,0.016,0,0
2024-04-02 00:00,3.548,0.016,0,0
2024-04-02 01:00,3.879,0.020,0,0
2024-04-02 02:00,4.132,0.013,0,0
2024-04-02 03:00,4.237,0.013,0,0
2024-04-02 04:00,4.270,0.016,0,0
2024-04-02 05:00,4.148,0.033,0,0
2024-04-02 06:00,4.027,0.023,0,0
2024-04-02 07:00,4.066,0.026,0,0
2024-04-02 08:00,4.181,0.026,0,0
2024-04-02 09:00,4.437,0.043,0,0
2024-04-02 10:00,4.742,0.030,0,0
2024-04-02 11:00,5.073,0.016,0,0
2024-04-02 12:00,5.208,0.016,0,0
2024-04-02 13:00,5.155,0.020,0,0
2024-04-02 14:00,4.827,0.030,0,0
2024-04-02 15:00,4.306,0.016,0,0
2024-04-02 16:00,3.656,0.013,0,0
2024-04-02 17:00,3.121,0.013,0,0
2024-04-02 18:00,2.731,0.016,0,0
2024-04-02 19:00,2.429,0.010,0,0
2024-04-02 20:00,2.193,0.010,0,0
2024-04-02 21:00,2.088,0.010,0,0
2024-04-02 22:00,2.078,0.010,0,0
2024-04-02 23:00,2.344,0.016,0,0
2024-04-03 00:00,2.708,0.010,0,0
2024-04-03 01:00,3.230,0.010,0,0
2024-04-03 02:00,3.735,0.016,0,0
2024-04-03 03:00,4.138,0.013,0,0
2024-04-03 04:00,4.283,0.026,0,0
2024-04-03 05:00,4.220,0.023,0,0
2024-04-03 06:00,4.099,0.033,0,0
2024-04-03 07:00,3.928,0.013,0,0
2024-04-03 08:00,3.781,0.023,0,0
2024-04-03 09:00,3.797,0.023,0,0
2024-04-03 10:00,3.997,0.016,0,0
2024-04-03 11:00,4.329,0.020,0,0
2024-04-03 12:00,4.759,0.026,0,0
2024-04-03 13:00,5.155,0.013,0,0
2024-04-03 14:00,5.224,0.020,0,0
2024-04-03 15:00,5.011,0.013,0,0
2024-04-03 16:00,4.444,0.020,0,0
2024-04-03 17:00,3.718,0.036,0,0
2024-04-03 18:00,3.095,0.020,0,0
2024-04-03 19:00,2.695,0.023,0,0
2024-04-03 20:00,2.341,0.023,0,0
2024-04-03 21:00,2.157,0.026,0,0
2024-04-03 22:00,1.976,0.010,0,0
2024-04-03 23:00,2.009,0.010,0,0
2024-04-04 00:00,2.321,0.010,0,0
2024-04-04 01:00,2.875,0.023,0,0
2024-04-04 02:00,3.659,0.030,0,0
2024-04-04 03:00,4.188,0.026,0,0
2024-04-04 04:00,4.598,0.023,0,0
2024-04-04 05:00,4.729,0.020,0,0
2024-04-04 06:00,4.549,0.016,0,0
2024-04-04 07:00,4.243,0.013,0,0
2024-04-04 08:00,3.928,0.020,0,0
2024-04-04 09:00,3.676,0.020,0,0
2024-04-04 10:00,3.735,0.023,0,0
2024-04-04 11:00,3.866,0.010,0,0
2024-04-04 12:00,4.440,0.013,0,0
2024-04-04 13:00,5.021,0.026,0,0
2024-04-04 14:00,5.644,0.016,0,0
2024-04-04 15:00,5.913,0.020,0,0
2024-04-04 16:00,5.779,0.016,0,0
2024-04-04 17:00,5.083,0.016,0,0
2024-04-04 18:00,4.391,0.030,0,0
2024-04-04 19:00,3.505,0.016,0,0
2024-04-04 20:00,2.997,0.023,0,0
2024-04-04 21:00,2.619,0.020,0,0
2024-04-04 22:00,2.344,0.010,0,0
2024-04-04 23:00,2.242,0.013,0,0
2024-04-05 00:00,2.429,0.010,0,0
2024-04-05 01:00,3.049,0.026,0,0
2024-04-05 02:00,3.817,0.023,0,0
2024-04-05 03:00,4.522,0.030,0,0
2024-04-05 04:00,5.070,0.069,0,0
2024-04-05 05:00,5.441,0.085,0,0
2024-04-05 06:00,5.297,0.039,0,0
2024-04-05 07:00,4.906,0.039,0,0
2024-04-05 08:00,4.355,0.033,0,0
2024-04-05 09:00,3.902,0.036,0,0
2024-04-05 10:00,3.745,0.036,0,0
2024-04-05 11:00,3.761,0.020,0,0
2024-04-05 12:00,4.027,0.039,0,0
2024-04-05 13:00,4.375,0.046,0,0
2024-04-05 14:00,4.985,0.075,0,0
2024-04-05 15:00,5.552,0.049,0,0
2024-04-05 16:00,5.940,0.052,0,0
2024-04-05 17:00,5.782,0.062,0,0
2024-04-05 18:00,5.110,0.049,0,0
2024-04-05 19:00,4.339,0.039,0,0
2024-04-05 20:00,3.538,0.013,0,0
2024-04-05 21:00,3.082,0.013,0,0
2024-04-05 22:00,2.744,0.010,0,0
2024-04-05 23:00,2.436,0.010,0,0
2024-04-06 00:00,2.291,0.010,0,0
2024-04-06 01:00,2.419,0.013,0,0
2024-04-06 02:00,3.052,0.016,0,0
2024-04-06 03:00,3.879,0.030,0,0
2024-04-06 04:00,4.512,0.023,0,0
2024-04-06 05:00,5.051,0.023,0,0
2024-04-06 06:00,5.205,0.043,0,0
2024-04-06 07:00,4.877,0.030,0,0
2024-04-06 08:00,4.381,0.030,0,0
2024-04-06 09:00,3.591,0.023,0,0
2024-04-06 10:00,3.131,0.020,0,0
2024-04-06 11:00,2.839,0.013,0,0
2024-04-06 12:00,2.777,0.010,0,0
2024-04-06 13:00,2.967,0.010,0,0
2024-04-06 14:00,3.591,0.020,0,0
2024-04-06 15:00,4.289,0.020,0,0
2024-04-06 16:00,4.936,0.036,0,0
2024-04-06 17:00,5.451,0.023,0,0
2024-04-06 18:00,5.375,0.023,0,0
2024-04-06 19:00,4.634,0.020,0,0
2024-04-06 20:00,3.781,0.026,0,0
2024-04-06 21:00,3.030,0.020,0,0
2024-04-06 22:00,2.600,0.023,0,0
2024-04-06 23:00,2.249,0.023,0,0
2024-04-07 00:00,2.022,0.023,0,0
2024-04-07 01:00,1.950,0.020,0,0
2024-04-07 02:00,2.157,0.026,0,0
2024-04-07 03:00,2.961,0.013,0,0
2024-04-07 04:00,3.981,0.023,0,0
2024-04-07 05:00,4.841,0.023,0,0
2024-04-07 06:00,5.379,0.020,0,0
2024-04-07 07:00,5.205,0.023,0,0
2024-04-07 08:00,4.686,0.023,0,0
2024-04-07 09:00,3.705,0.023,0,0
2024-04-07 10:00,3.036,0.023,0,0
2024-04-07 11:00,2.633,0.026,0,0
2024-04-07 12:00,2.344,0.023,0,0
2024-04-07 13:00,2.236,0.023,0,0
2024-04-07 14:00,2.436,0.013,0,0
2024-04-07 15:00,2.964,0.013,0,0
2024-04-07 16:00,3.981,0.016,0,0
2024-04-07 17:00,4.795,0.016,0,0
2024-04-07 18:00,5.326,0.016,0,0
2024-04-07 19:00,5.205,0.020,0,0
2024-04-07 20:00,4.552,0.016,0,0
2024-04-07 21:00,3.663,0.020,0,0
2024-04-07 22:00,2.951,0.013,0,0
2024-04-07 23:00,2.541,0.010,0,0
2024-04-08 00:00,2.209,0.010,0,0
2024-04-08 01:00,2.026,0.010,0,0
2024-04-08 02:00,2.114,0.010,0,0
2024-04-08 03:00,2.669,0.030,0,0
2024-04-08 04:00,3.820,0.030,0,0
2024-04-08 05:00,4.791,0.026,0,0
2024-04-08 06:00,5.552,0.030,0,0
2024-04-08 07:00,5.769,0.016,0,0
2024-04-08 08:00,5.333,0.036,0,0
2024-04-08 09:00,4.365,0.026,0,0
2024-04-08 10:00,3.430,0.013,0,0
2024-04-08 11:00,2.905,0.023,0,0
2024-04-08 12:00,2.478,0.020,0,0
2024-04-08 13:00,2.186,0.020,0,0
2024-04-08 14:00,2.071,0.023,0,0
2024-04-08 15:00,2.242,0.026,0,0
2024-04-08 16:00,2.892,0.026,0,0
2024-04-08 17:00,3.928,0.030,0,0
2024-04-08 18:00,4.706,0.023,0,0
2024-04-08 19:00,5.169,0.026,0,0
2024-04-08 20:00,5.087,0.030,0,0
2024-04-08 21:00,4.493,0.026,0,0
2024-04-08 22:00,3.686,0.026,0,0
2024-04-08 23:00,3.010,0.023,0,0
2024-04-09 00:00,2.610,0.023,0,0
2024-04-09 01:00,2.314,0.020,0,0
2024-04-09 02:00,2.285,0.026,0,0
2024-04-09 03:00,2.636,0.016,0,0
2024-04-09 04:00,3.620,0.026,0,0
2024-04-09 05:00,4.650,0.023,0,0
2024-04-09 06:00,5.634,0.033,0,0
2024-04-09 07:00,6.248,0.026,0,0
2024-04-09 08:00,6.035,0.026,0,0
2024-04-09 09:00,5.185,0.033,0,0
2024-04-09 10:00,4.053,0.023,0,0
2024-04-09 11:00,3.223,0.023,0,0
2024-04-09 12:00,2.734,0.020,0,0
2024-04-09 13:00,2.357,0.023,0,0
2024-04-09 14:00,2.085,0.023,0,0
2024-04-09 15:00,1.953,0.023,0,0
2024-04-09 16:00,2.131,0.026,0,0
2024-04-09 17:00,2.724,0.030,0,0
2024-04-09 18:00,3.712,0.023,0,0
2024-04-09 19:00,4.516,0.030,0,0
2024-04-09 20:00,4.998,0.026,0,0
2024-04-09 21:00,4.893,0.026,0,0
2024-04-09 22:00,4.460,0.026,0,0
2024-04-09 23:00,3.722,0.023,0,0
2024-04-10 00:00,3.115,0.026,0,0
2024-04-10 01:00,2.770,0.010,0,0
2024-04-10 02:00,2.534,0.010,0,0
2024-04-10 03:00,2.731,0.007,0,0
2024-04-10 04:00,3.338,0.026,0,0
2024-04-10 05:00,4.355,0.010,0,0
2024-04-10 06:00,5.375,0.030,0,0
2024-04-10 07:00,6.156,0.020,0,0
2024-04-10 08:00,6.455,0.023,0,0
2024-04-10 09:00,6.005,0.020,0,0
2024-04-10 10:00,4.890,0.023,0,0
2024-04-10 11:00,3.784,0.013,0,0
2024-04-10 12:00,3.138,0.023,0,0
2024-04-10 13:00,2.698,0.020,0,0
2024-04-10 14:00,2.308,0.010,0,0
2024-04-10 15:00,2.052,0.020,0,0
2024-04-10 16:00,1.944,0.023,0,0
2024-04-10 17:00,2.101,0.020,0,0
2024-04-10 18:00,2.757,0.020,0,0
2024-04-10 19:00,3.676,0.033,0,0
2024-04-10 20:00,4.424,0.030,0,0
2024-04-10 21:00,4.831,0.020,0,0
2024-04-10 22:00,4.844,0.026,0,0
2024-04-10 23:00,4.460,0.030,0,0
2024-04-11 00:00,3.942,0.039,0,0
2024-04-11 01:00,3.420,0.043,0,0
2024-04-11 02:00,3.095,0.026,0,0
2024-04-11 03:00,3.144,0.033,0,0
2024-04-11 04:00,3.443,0.030,0,0
2024-04-11 05:00,4.099,0.020,0,0
2024-04-11 06:00,4.936,0.036,0,0
2024-04-11 07:00,5.808,0.030,0,0
2024-04-11 08:00,6.474,0.039,0,0
2024-04-11 09:00,6.448,0.030,0,0
2024-04-11 10:00,5.785,0.030,0,0
2024-04-11 11:00,4.627,0.039,0,0
2024-04-11 12:00,3.650,0.023,0,0
2024-04-11 13:00,3.062,0.016,0,0
2024-04-11 14:00,2.695,0.013,0,0
2024-04-11 15:00,2.416,0.013,0,0
2024-04-11 16:00,2.180,0.013,0,0
2024-04-11 17:00,2.058,0.026,0,0
2024-04-11 18:00,2.222,0.016,0,0
2024-04-11 19:00,2.810,0.013,0,0
2024-04-11 20:00,3.712,0.016,0,0
2024-04-11 21:00,4.332,0.020,0,0
2024-04-11 22:00,4.854,0.030,0,0
2024-04-11 23:00,4.939,0.026,0,0
2024-04-12 00:00,4.608,0.026,0,0
2024-04-12 01:00,4.197,0.026,0,0
2024-04-12 02:00,3.866,0.030,0,0
2024-04-12 03:00,3.676,0.023,0,0
2024-04-12 04:00,3.781,0.020,0,0
2024-04-12 05:00,4.122,0.020,0,0
2024-04-12 06:00,4.781,0.030,0,0
2024-04-12 07:00,5.526,0.026,0,0
2024-04-12 08:00,6.235,0.013,0,0
2024-04-12 09:00,6.635,0.016,0,0
2024-04-12 10:00,6.491,0.020,0,0
2024-04-12 11:00,5.651,0.033,0,0
2024-04-12 12:00,4.512,0.016,0,0
2024-04-12 13:00,3.656,0.013,0,0
2024-04-12 14:00,3.134,0.010,0,0
2024-04-12 15:00,2.777,0.010,0,0
2024-04-12 16:00,2.505,0.010,0,0
2024-04-12 17:00,2.298,0.010,0,0
2024-04-12 18:00,2.232,0.010,0,0
2024-04-12 19:00,2.465,0.010,0,0
2024-04-12 20:00,3.010,0.030,0,0
2024-04-12 21:00,3.768,0.020,0,0
2024-04-12 22:00,4.476,0.026,0,0
2024-04-12 23:00,4.949,0.023,0,0
2024-04-13 00:00,5.024,0.026,0,0
2024-04-13 01:00,4.808,0.030,0,0
2024-04-13 02:00,4.463,0.020,0,0
2024-04-13 03:00,4.217,0.026,0,0
2024-04-13 04:00,4.158,0.036,0,0
2024-04-13 05:00,4.280,0.036,0,0
2024-04-13 06:00,4.634,0.023,0,0
2024-04-13 07:00,5.224,0.026,0,0
2024-04-13 08:00,5.913,0.030,0,0
2024-04-13 09:00,6.468,0.023,0,0
2024-04-13 10:00,6.757,0.026,0,0
2024-04-13 11:00,6.412,0.030,0,0
2024-04-13 12:00,5.487,0.026,0,0
2024-04-13 13:00,4.489,0.026,0,0
2024-04-13 14:00,3.718,0.033,0,0
2024-04-13 15:00,3.207,0.030,0,0
2024-04-13 16:00,2.895,0.030,0,0
2024-04-13 17:00,2.639,0.033,0,0
2024-04-13 18:00,2.462,0.030,0,0
2024-04-13 19:00,2.455,0.033,0,0
2024-04-13 20:00,2.724,0.030,0,0
2024-04-13 21:00,3.354,0.052,0,0
2024-04-13 22:00,4.089,0.036,0,0
2024-04-13 23:00,4.693,0.036,0,0
2024-04-14 00:00,5.083,0.043,0,0
2024-04-14 01:00,5.257,0.033,0,0
2024-04-14 02:00,5.110,0.036,0,0
2024-04-14 03:00,4.785,0.036,0,0
2024-04-14 04:00,4.499,0.026,0,0
2024-04-14 05:00,4.450,0.036,0,0
2024-04-14 06:00,4.512,0.033,0,0
2024-04-14 07:00,4.781,0.039,0,0
2024-04-14 08:00,5.162,0.046,0,0
2024-04-14 09:00,5.562,0.049,0,0
2024-04-14 10:00,5.963,0.039,0,0
2024-04-14 11:00,6.136,0.043,0,0
2024-04-14 12:00,5.792,0.049,0,0
2024-04-14 13:00,5.083,0.043,0,0
2024-04-14 14:00,4.381,0.033,0,0
2024-04-14 15:00,3.643,0.036,0,0
2024-04-14 16:00,3.174,0.026,0,0
2024-04-14 17:00,2.859,0.030,0,0
2024-04-14 18:00,2.626,0.026,0,0
2024-04-14 19:00,2.455,0.030,0,0
2024-04-14 20:00,2.429,0.030,0,0
2024-04-14 21:00,2.606,0.033,0,0
2024-04-14 22:00,3.039,0.030,0,0
2024-04-14 23:00,3.607,0.036,0,0
2024-04-15 00:00,4.194,0.036,0,0
2024-04-15 01:00,4.588,0.036,0,0
2024-04-15 02:00,4.768,0.033,0,0
2024-04-15 03:00,4.709,0.026,0,0
2024-04-15 04:00,4.529,0.030,0,0
2024-04-15 05:00,4.368,0.033,0,0
2024-04-15 06:00,4.247,0.033,0,0
2024-04-15 07:00,4.224,0.046,0,0
2024-04-15 08:00,4.309,0.026,0,0
2024-04-15 09:00,4.552,0.026,0,0
2024-04-15 10:00,4.893,0.026,0,0
2024-04-15 11:00,5.244,0.023,0,0
2024-04-15 12:00,5.283,0.023,0,0
2024-04-15 13:00,5.139,0.007,0,0
2024-04-15 14:00,4.706,0.016,0,0
2024-04-15 15:00,4.132,0.033,0,0
2024-04-15 16:00,3.443,0.013,0,0
2024-04-15 17:00,2.964,0.010,0,0
2024-04-15 18:00,2.669,0.013,0,0
2024-04-15 19:00,2.419,0.016,0,0
2024-04-15 20:00,2.255,0.013,0,0
2024-04-15 21:00,2.229,0.013,0,0
2024-04-15 22:00,2.377,0.013,0,0
2024-04-15 23:00,2.780,0.013,0,0
2024-04-16 00:00,3.285,0.023,0,0
2024-04-16 01:00,4.073,0.013,0,0
2024-04-16 02:00,4.489,0.010,0,0
2024-04-16 03:00,4.719,0.030,0,0
2024-04-16 04:00,4.736,0.016,0,0
2024-04-16 05:00,4.522,0.013,0,0
2024-04-16 06:00,4.302,0.010,0,0
2024-04-16 07:00,4.047,0.020,0,0
2024-04-16 08:00,3.978,0.026,0,0
2024-04-16 09:00,4.047,0.023,0,0
2024-04-16 10:00,4.257,0.033,0,0
2024-04-16 11:00,4.512,0.016,0,0
2024-04-16 12:00,4.791,0.023,0,0
2024-04-16 13:00,4.900,0.020,0,0
2024-04-16 14:00,4.863,0.013,0,0
2024-04-16 15:00,4.571,0.010,0,0
2024-04-16 16:00,4.102,0.013,0,0
2024-04-16 17:00,3.489,0.016,0,0
2024-04-16 18:00,3.052,0.010,0,0
2024-04-16 19:00,2.754,0.013,0,0
2024-04-16 20:00,2.475,0.010,0,0
2024-04-16 21:00,2.344,0.010,0,0
2024-04-16 22:00,2.331,0.013,0,0
2024-04-16 23:00,2.551,0.010,0,0
2024-04-17 00:00,2.888,0.007,0,0
2024-04-17 01:00,3.538,0.023,0,0
2024-04-17 02:00,4.260,0.020,0,0
2024-04-17 03:00,4.696,0.033,0,0
2024-04-17 04:00,4.863,0.010,0,0
2024-04-17 05:00,4.808,0.023,0,0
2024-04-17 06:00,4.516,0.013,0,0
2024-04-17 07:00,4.152,0.013,0,0
2024-04-17 08:00,3.830,0.013,0,0
2024-04-17 09:00,3.728,0.036,0,0
2024-04-17 10:00,3.830,0.023,0,0
2024-04-17 11:00,3.965,0.030,0,0
2024-04-17 12:00,4.243,0.026,0,0
2024-04-17 13:00,4.565,0.026,0,0
2024-04-17 14:00,4.827,0.036,0,0
2024-04-17 15:00,4.841,0.020,0,0
2024-04-17 16:00,4.627,0.023,0,0
2024-04-17 17:00,4.194,0.030,0,0
2024-04-17 18:00,3.610,0.013,0,0
2024-04-17 19:00,3.134,0.013,0,0
2024-04-17 20:00,2.816,0.010,0,0
2024-04-17 21:00,2.541,0.010,0,0
2024-04-17 22:00,2.406,0.010,0,0
2024-04-17 23:00,2.419,0.010,0,0
2024-04-18 00:00,2.695,0.016,0,0
2024-04-18 01:00,3.315,0.026,0,0
2024-04-18 02:00,3.974,0.039,0,0
2024-04-18 03:00,4.627,0.039,0,0
2024-04-18 04:00,5.024,0.033,0,0
2024-04-18 05:00,5.136,0.016,0,0
2024-04-18 06:00,5.001,0.036,0,0
2024-04-18 07:00,4.565,0.026,0,0
2024-04-18 08:00,4.047,0.013,0,0
2024-04-18 09:00,3.686,0.023,0,0
2024-04-18 10:00,3.591,0.036,0,0
2024-04-18 11:00,3.636,0.013,0,0
2024-04-18 12:00,3.955,0.049,0,0
2024-04-18 13:00,4.306,0.046,0,0
2024-04-18 14:00,4.670,0.023,0,0
2024-04-18 15:00,4.965,0.026,0,0
2024-04-18 16:00,5.034,0.016,0,0
2024-04-18 17:00,4.781,0.016,0,0
2024-04-18 18:00,4.319,0.013,0,0
2024-04-18 19:00,3.686,0.016,0,0
2024-04-18 20:00,3.187,0.016,0,0
2024-04-18 21:00,2.856,0.016,0,0
2024-04-18 22:00,2.692,0.013,0,0
2024-04-18 23:00,2.554,0.010,0,0
2024-04-19 00:00,2.692,0.013,0,0
2024-04-19 01:00,3.095,0.030,0,0
2024-04-19 02:00,3.748,0.026,0,0
2024-04-19 03:00,4.440,0.023,0,0
2024-04-19 04:00,4.936,0.020,0,0
2024-04-19 05:00,5.356,0.023,0,0
2024-04-19 06:00,5.198,0.016,0,0
2024-04-19 07:00,4.729,0.013,0,0
2024-04-19 08:00,4.207,0.016,0,0
2024-04-19 09:00,3.659,0.023,0,0
2024-04-19 10:00,3.407,0.016,0,0
2024-04-19 11:00,3.279,0.013,0,0
2024-04-19 12:00,3.436,0.033,0,0
2024-04-19 13:00,3.718,0.016,0,0
2024-04-19 14:00,4.171,0.013,0,0
2024-04-19 15:00,4.663,0.016,0,0
2024-04-19 16:00,5.024,0.030,0,0
2024-04-19 17:00,5.041,0.013,0,0
2024-04-19 18:00,4.673,0.016,0,0
2024-04-19 19:00,4.211,0.016,0,0
2024-04-19 20:00,3.548,0.020,0,0
2024-04-19 21:00,3.072,0.016,0,0
2024-04-19 22:00,2.839,0.013,0,0
2024-04-19 23:00,2.649,0.013,0,0
2024-04-20 00:00,2.675,0.010,0,0
2024-04-20 01:00,2.882,0.020,0,0
2024-04-20 02:00,3.407,0.013,0,0
2024-04-20 03:00,4.184,0.023,0,0
2024-04-20 04:00,4.827,0.033,0,0
2024-04-20 05:00,5.346,0.026,0,0
2024-04-20 06:00,5.375,0.023,0,0
2024-04-20 07:00,4.998,0.016,0,0
2024-04-20 08:00,4.234,0.023,0,0
2024-04-20 09:00,3.755,0.033,0,0
2024-04-20 10:00,3.328,0.010,0,0
2024-04-20 11:00,3.059,0.007,0,0
2024-04-20 12:00,3.013,0.023,0,0
2024-04-20 13:00,3.157,0.010,0,0
2024-04-20 14:00,3.512,0.023,0,0
2024-04-20 15:00,4.014,0.013,0,0
2024-04-20 16:00,4.489,0.023,0,0
2024-04-20 17:00,4.857,0.016,0,0
2024-04-20 18:00,4.883,0.020,0,0
2024-04-20 19:00,4.503,0.013,0,0
2024-04-20 20:00,3.951,0.023,0,0
2024-04-20 21:00,3.387,0.020,0,0
2024-04-20 22:00,2.931,0.010,0,0
2024-04-20 23:00,2.777,0.010,0,0
2024-04-21 00:00,2.639,0.013,0,0
2024-04-21 01:00,2.747,0.007,0,0
2024-04-21 02:00,3.131,0.023,0,0
2024-04-21 03:00,3.951,0.020,0,0
2024-04-21 04:00,4.614,0.016,0,0
2024-04-21 05:00,5.175,0.016,0,0
2024-04-21 06:00,5.382,0.020,0,0
2024-04-21 07:00,5.073,0.016,0,0
2024-04-21 08:00,4.430,0.016,0,0
2024-04-21 09:00,3.728,0.010,0,0
2024-04-21 10:00,3.148,0.007,0,0
2024-04-21 11:00,2.839,0.007,0,0
2024-04-21 12:00,2.659,0.010,0,0
2024-04-21 13:00,2.623,0.007,0,0
2024-04-21 14:00,2.780,0.013,0,0
2024-04-21 15:00,3.272,0.020,0,0
2024-04-21 16:00,3.938,0.020,0,0
2024-04-21 17:00,4.480,0.020,0,0
2024-04-21 18:00,4.798,0.020,0,0
2024-04-21 19:00,4.749,0.030,0,0
2024-04-21 20:00,4.388,0.020,0,0
2024-04-21 21:00,3.843,0.023,0,0
2024-04-21 22:00,3.282,0.013,0,0
2024-04-21 23:00,2.961,0.013,0,0
2024-04-22 00:00,2.803,0.007,0,0
2024-04-22 01:00,2.810,0.010,0,0
2024-04-22 02:00,3.098,0.026,0,0
2024-04-22 03:00,3.794,0.030,0,0
2024-04-22 04:00,4.578,0.013,0,0
2024-04-22 05:00,5.169,0.023,0,0
2024-04-22 06:00,5.684,0.013,0,0
2024-04-22 07:00,5.526,0.023,0,0
2024-04-22 08:00,4.975,0.020,0,0
2024-04-22 09:00,4.181,0.013,0,0
2024-04-22 10:00,3.479,0.013,0,0
2024-04-22 11:00,3.046,0.010,0,0
2024-04-22 12:00,2.820,0.013,0,0
2024-04-22 13:00,2.659,0.010,0,0
2024-04-22 14:00,2.741,0.010,0,0
2024-04-22 15:00,2.977,0.010,0,0
2024-04-22 16:00,3.696,0.013,0,0
2024-04-22 17:00,4.358,0.020,0,0
2024-04-22 18:00,4.867,0.023,0,0
2024-04-22 19:00,5.149,0.013,0,0
2024-04-22 20:00,4.949,0.013,0,0
2024-04-22 21:00,4.516,0.016,0,0
2024-04-22 22:00,4.014,0.013,0,0
2024-04-22 23:00,3.551,0.013,0,0
2024-04-23 00:00,3.259,0.016,0,0
2024-04-23 01:00,3.207,0.007,0,0
2024-04-23 02:00,3.466,0.013,0,0
2024-04-23 03:00,4.017,0.010,0,0
2024-04-23 04:00,4.713,0.013,0,0
2024-04-23 05:00,5.441,0.020,0,0
2024-04-23 06:00,5.963,0.020,0,0
2024-04-23 07:00,6.077,0.013,0,0
2024-04-23 08:00,5.510,0.016,0,0
2024-04-23 09:00,4.647,0.013,0,0
2024-04-23 10:00,3.833,0.010,0,0
2024-04-23 11:00,3.259,0.013,0,0
2024-04-23 12:00,2.964,0.010,0,0
2024-04-23 13:00,2.718,0.010,0,0
2024-04-23 14:00,2.649,0.010,0,0
2024-04-23 15:00,2.705,0.010,0,0
2024-04-23 16:00,3.148,0.010,0,0
2024-04-23 17:00,3.846,0.016,0,0
2024-04-23 18:00,4.529,0.016,0,0
2024-04-23 19:00,5.005,0.020,0,0
2024-04-23 20:00,5.087,0.013,0,0
2024-04-23 21:00,4.804,0.013,0,0
2024-04-23 22:00,4.345,0.013,0,0
2024-04-23 23:00,3.791,0.010,0,0
2024-04-24 00:00,3.479,0.010,0,0
2024-04-24 01:00,3.351,0.010,0,0
2024-04-24 02:00,3.417,0.013,0,0
2024-04-24 03:00,3.827,0.020,0,0
2024-04-24 04:00,4.535,0.023,0,0
2024-04-24 05:00,5.231,0.010,0,0
2024-04-24 06:00,5.802,0.026,0,0
2024-04-24 07:00,6.091,0.013,0,0
2024-04-24 08:00,5.772,0.013,0,0
2024-04-24 09:00,4.968,0.013,0,0
2024-04-24 10:00,4.066,0.020,0,0
2024-04-24 11:00,3.413,0.016,0,0
2024-04-24 12:00,3.026,0.010,0,0
2024-04-24 13:00,2.724,0.013,0,0
2024-04-24 14:00,2.521,0.010,0,0
2024-04-24 15:00,2.400,0.010,0,0
2024-04-24 16:00,2.587,0.007,0,0
2024-04-24 17:00,3.039,0.020,0,0
2024-04-24 18:00,3.797,0.020,0,0
2024-04-24 19:00,4.427,0.016,0,0
2024-04-24 20:00,4.831,0.013,0,0
2024-04-24 21:00,4.834,0.010,0,0
2024-04-24 22:00,4.535,0.013,0,0
2024-04-24 23:00,4.089,0.023,0,0
2024-04-25 00:00,3.659,0.020,0,0
2024-04-25 01:00,3.430,0.007,0,0
2024-04-25 02:00,3.367,0.013,0,0
2024-04-25 03:00,3.587,0.023,0,0
2024-04-25 04:00,4.220,0.023,0,0
2024-04-25 05:00,4.893,0.010,0,0
2024-04-25 06:00,5.585,0.010,0,0
2024-04-25 07:00,6.035,0.010,0,0
2024-04-25 08:00,5.966,0.010,0,0
2024-04-25 09:00,5.329,0.013,0,0
2024-04-25 10:00,4.489,0.020,0,0
2024-04-25 11:00,3.623,0.016,0,0
2024-04-25 12:00,3.138,0.013,0,0
2024-04-25 13:00,2.783,0.016,0,0
2024-04-25 14:00,2.528,0.013,0,0
2024-04-25 15:00,2.314,0.010,0,0
2024-04-25 16:00,2.259,0.020,0,0
2024-04-25 17:00,2.478,0.010,0,0
2024-04-25 18:00,3.049,0.013,0,0
2024-04-25 19:00,3.784,0.013,0,0
2024-04-25 20:00,4.381,0.010,0,0
2024-04-25 21:00,4.699,0.010,0,0
2024-04-25 22:00,4.588,0.007,0,0
2024-04-25 23:00,4.404,0.013,0,0
2024-04-26 00:00,3.974,0.013,0,0
2024-04-26 01:00,3.676,0.030,0,0
2024-04-26 02:00,3.551,0.013,0,0
2024-04-26 03:00,3.623,0.016,0,0
2024-04-26 04:00,4.017,0.020,0,0
2024-04-26 05:00,4.683,0.016,0,0
2024-04-26 06:00,5.333,0.010,0,0
2024-04-26 07:00,5.904,0.026,0,0
2024-04-26 08:00,6.097,0.010,0,0
2024-04-26 09:00,5.766,0.013,0,0
2024-04-26 10:00,4.988,0.023,0,0
2024-04-26 11:00,4.024,0.013,0,0
2024-04-26 12:00,3.417,0.010,0,0
2024-04-26 13:00,2.977,0.010,0,0
2024-04-26 14:00,2.649,0.013,0,0
2024-04-26 15:00,2.367,0.013,0,0
2024-04-26 16:00,2.242,0.016,0,0
2024-04-26 17:00,2.232,0.010,0,0
2024-04-26 18:00,2.600,0.016,0,0
2024-04-26 19:00,3.157,0.023,0,0
2024-04-26 20:00,3.817,0.013,0,0
2024-04-26 21:00,4.273,0.010,0,0
2024-04-26 22:00,4.575,0.010,0,0
2024-04-26 23:00,4.670,0.026,0,0
2024-04-27 00:00,4.460,0.020,0,0
2024-04-27 01:00,4.220,0.010,0,0
2024-04-27 02:00,3.991,0.020,0,0
2024-04-27 03:00,3.951,0.020,0,0
2024-04-27 04:00,4.207,0.016,0,0
2024-04-27 05:00,4.657,0.016,0,0
2024-04-27 06:00,5.208,0.007,0,0
2024-04-27 07:00,5.697,0.016,0,0
2024-04-27 08:00,6.084,0.013,0,0
2024-04-27 09:00,5.956,0.013,0,0
2024-04-27 10:00,5.536,0.020,0,0
2024-04-27 11:00,4.699,0.013,0,0
2024-04-27 12:00,3.856,0.013,0,0
2024-04-27 13:00,3.295,0.010,0,0
2024-04-27 14:00,2.869,0.010,0,0
2024-04-27 15:00,2.541,0.010,0,0
2024-04-27 16:00,2.285,0.013,0,0
2024-04-27 17:00,2.134,0.010,0,0
2024-04-27 18:00,2.163,0.026,0,0
2024-04-27 19:00,2.534,0.030,0,0
2024-04-27 20:00,3.039,0.010,0,0
2024-04-27 21:00,3.699,0.013,0,0
2024-04-27 22:00,4.220,0.010,0,0
2024-04-27 23:00,4.493,0.013,0,0
2024-04-28 00:00,4.453,0.016,0,0
2024-04-28 01:00,4.283,0.023,0,0
2024-04-28 02:00,4.063,0.010,0,0
2024-04-28 03:00,4.004,0.013,0,0
2024-04-28 04:00,4.017,0.016,0,0
2024-04-28 05:00,4.257,0.010,0,0
2024-04-28 06:00,4.644,0.007,0,0
2024-04-28 07:00,5.073,0.016,0,0
2024-04-28 08:00,5.516,0.010,0,0
2024-04-28 09:00,5.736,0.013,0,0
2024-04-28 10:00,5.648,0.007,0,0
2024-04-28 11:00,5.070,0.020,0,0
2024-04-28 12:00,4.194,0.013,0,0
2024-04-28 13:00,3.525,0.013,0,0
2024-04-28 14:00,3.000,0.010,0,0
2024-04-28 15:00,2.613,0.013,0,0
2024-04-28 16:00,2.295,0.013,0,0
2024-04-28 17:00,2.085,0.016,0,0
2024-04-28 18:00,1.967,0.010,0,0
2024-04-28 19:00,2.058,0.010,0,0
2024-04-28 20:00,2.465,0.010,0,0
2024-04-28 21:00,2.931,0.020,0,0
2024-04-28 22:00,3.420,0.020,0,0
2024-04-28 23:00,3.840,0.016,0,0
2024-04-29 00:00,4.188,0.020,0,0
2024-04-29 01:00,4.355,0.023,0,0
2024-04-29 02:00,4.217,0.020,0,0
2024-04-29 03:00,3.968,0.013,0,0
2024-04-29 04:00,4.014,0.020,0,0
2024-04-29 05:00,4.132,0.023,0,0
2024-04-29 06:00,4.306,0.010,0,0
2024-04-29 07:00,4.736,0.007,0,0
2024-04-29 08:00,5.087,0.010,0,0
2024-04-29 09:00,5.425,0.010,0,0
2024-04-29 10:00,5.562,0.013,0,0
2024-04-29 11:00,5.352,0.010,0,0
2024-04-29 12:00,4.814,0.023,0,0
2024-04-29 13:00,4.053,0.010,0,0
2024-04-29 14:00,3.463,0.013,0,0
2024-04-29 15:00,2.938,0.013,0,0
2024-04-29 16:00,2.541,0.013,0,0
2024-04-29 17:00,2.229,0.013,0,0
2024-04-29 18:00,2.016,0.020,0,0
2024-04-29 19:00,1.940,0.010,0,0
2024-04-29 20:00,1.999,0.010,0,0
2024-04-29 21:00,2.406,0.010,0,0
2024-04-29 22:00,2.826,0.016,0,0
2024-04-29 23:00,3.328,0.010,0,0
2024-04-30 00:00,3.804,0.013,0,0
2024-04-30 01:00,4.266,0.023,0,0
2024-04-30 02:00,4.368,0.026,0,0
2024-04-30 03:00,4.306,0.026,0,0
2024-04-30 04:00,4.161,0.023,0,0
2024-04-30 05:00,4.119,0.016,0,0
2024-04-30 06:00,4.152,0.023,0,0
2024-04-30 07:00,4.332,0.010,0,0
2024-04-30 08:00,4.637,0.010,0,0
2024-04-30 09:00,4.926,0.010,0,0
2024-04-30 10:00,5.155,0.013,0,0
2024-04-30 11:00,5.293,0.010,0,0
2024-04-30 12:00,5.136,0.013,0,0
2024-04-30 13:00,4.709,0.010,0,0
2024-04-30 14:00,4.017,0.010,0,0
2024-04-30 15:00,3.443,0.013,0,0
2024-04-30 16:00,2.918,0.016,0,0
2024-04-30 17:00,2.590,0.010,0,0
2024-04-30 18:00,2.259,0.013,0,0
2024-04-30 19:00,2.022,0.013,0,0
2024-04-30 20:00,1.963,0.010,0,0
2024-04-30 21:00,2.029,0.010,0,0
2024-04-30 22:00,2.416,0.007,0,0
2024-04-30 23:00,2.839,0.016,0,0
